ASIN,Brand Name,List Price($)(11/23/2025-11/30/2025),List Price($)(11/16/2025-11/23/2025),List Price($)(11/09/2025-11/16/2025),List Price($)(11/02/2025-11/09/2025),Product GMS($)(11/23/2025-11/30/2025),Product GMS($)(11/16/2025-11/23/2025),Product GMS($)(11/09/2025-11/16/2025),Product GMS($)(11/02/2025-11/09/2025),ASP(11/23/2025-11/30/2025),ASP(11/16/2025-11/23/2025),ASP(11/09/2025-11/16/2025),ASP(11/02/2025-11/09/2025),CM(11/23/2025-11/30/2025)(%),CM(11/16/2025-11/23/2025)(%),CM(11/09/2025-11/16/2025)(%),CM(11/02/2025-11/09/2025)(%),CP($)(11/23/2025-11/30/2025),CP($)(11/16/2025-11/23/2025),CP($)(11/09/2025-11/16/2025),CP($)(11/02/2025-11/09/2025),Net PPM(11/23/2025-11/30/2025)(%),Net PPM(11/16/2025-11/23/2025)(%),Net PPM(11/09/2025-11/16/2025)(%),Net PPM(11/02/2025-11/09/2025)(%),GV(11/23/2025-11/30/2025),GV(11/16/2025-11/23/2025),GV(11/09/2025-11/16/2025),GV(11/02/2025-11/09/2025),SoROOS(%)(11/23/2025-11/30/2025)(%),SoROOS(%)(11/16/2025-11/23/2025)(%),SoROOS(%)(11/09/2025-11/16/2025)(%),SoROOS(%)(11/02/2025-11/09/2025)(%),Vendor Confirmation Rate - Sourceable(11/23/2025-11/30/2025)(%),Vendor Confirmation Rate - Sourceable(11/16/2025-11/23/2025)(%),Vendor Confirmation Rate - Sourceable(11/09/2025-11/16/2025)(%),Vendor Confirmation Rate - Sourceable(11/02/2025-11/09/2025)(%),Fill Rate - Sourceable(11/23/2025-11/30/2025)(%),Fill Rate - Sourceable(11/16/2025-11/23/2025)(%),Fill Rate - Sourceable(11/09/2025-11/16/2025)(%),Fill Rate - Sourceable(11/02/2025-11/09/2025)(%),SELLABLE_ON_HAND_UNITS(11/23/2025-11/30/2025),SELLABLE_ON_HAND_UNITS(11/16/2025-11/23/2025),SELLABLE_ON_HAND_UNITS(11/09/2025-11/16/2025),SELLABLE_ON_HAND_UNITS(11/02/2025-11/09/2025),Total GMM($)(11/23/2025-11/30/2025),Total GMM($)(11/16/2025-11/23/2025),Total GMM($)(11/09/2025-11/16/2025),Total GMM($)(11/02/2025-11/09/2025),Net Receipts($)(11/23/2025-11/30/2025),Net Receipts($)(11/16/2025-11/23/2025),Net Receipts($)(11/09/2025-11/16/2025),Net Receipts($)(11/02/2025-11/09/2025),Net Receipts (Units)(11/23/2025-11/30/2025),Net Receipts (Units)(11/16/2025-11/23/2025),Net Receipts (Units)(11/09/2025-11/16/2025),Net Receipts (Units)(11/02/2025-11/09/2025),CCOGS As A % Of PCOGS(11/23/2025-11/30/2025)(%),CCOGS As A % Of PCOGS(11/16/2025-11/23/2025)(%),CCOGS As A % Of PCOGS(11/09/2025-11/16/2025)(%),CCOGS As A % Of PCOGS(11/02/2025-11/09/2025)(%),PPM(11/23/2025-11/30/2025)(%),PPM(11/16/2025-11/23/2025)(%),PPM(11/09/2025-11/16/2025)(%),PPM(11/02/2025-11/09/2025)(%),External Box Price Competitiveness (% Of GV)(11/23/2025-11/30/2025)(%),External Box Price Competitiveness (% Of GV)(11/16/2025-11/23/2025)(%),External Box Price Competitiveness (% Of GV)(11/09/2025-11/16/2025)(%),External Box Price Competitiveness (% Of GV)(11/02/2025-11/09/2025)(%),Amzn GV(11/23/2025-11/30/2025),Amzn GV(11/16/2025-11/23/2025),Amzn GV(11/09/2025-11/16/2025),Amzn GV(11/02/2025-11/09/2025),Customer Returns($)(11/23/2025-11/30/2025),Customer Returns($)(11/16/2025-11/23/2025),Customer Returns($)(11/09/2025-11/16/2025),Customer Returns($)(11/02/2025-11/09/2025),Daily SoRoos%(11/23/2025-11/30/2025)(%),Daily SoRoos%(11/16/2025-11/23/2025)(%),Daily SoRoos%(11/09/2025-11/16/2025)(%),Daily SoRoos%(11/02/2025-11/09/2025)(%),Net Ordered Units(11/23/2025-11/30/2025),Net Ordered Units(11/16/2025-11/23/2025),Net Ordered Units(11/09/2025-11/16/2025),Net Ordered Units(11/02/2025-11/09/2025)
B0BVQBSBV8,Barebells,0.00,0.00,0.00,0.00,5302.57,4411.40,3638.73,4135.96,28.98,29.02,29.83,30.41,17.54%,19.38%,19.11%,21.47%,894.93,846.42,684.79,871.73,29.04%,31.11%,30.50%,31.43%,564,763,465,447,4.43%,0.00%,0.00%,0.00%,100.00%,100.00%,0.00%,100.00%,0.00%,0.00%,0.00%,100.00%,1445,2640,2590,3954,0.00,0.00,0.00,0.00,0.00,5891.18,304.72,0.00,0.00,174.00,9.00,0.00,42.20%,42.06%,41.08%,40.97%,(16.85)%,(16.66)%,(13.52)%,(11.33)%,100.00%,99.85%,100.00%,100.00%,522,756,463,442,0,0,0,0,4.43%,0.00%,0.00%,0.00%,184,151,125,136
B07X5MH1BM,Vitamin Well,29.56,29.56,29.56,29.56,4472.01,3503.97,3959.32,3234.29,23.54,24.85,24.29,24.14,23.70%,23.60%,24.26%,23.99%,1055.62,835.37,959.06,783.61,38.11%,36.84%,37.87%,37.59%,621,496,563,585,0.00%,0.00%,0.00%,3.76%,0.00%,0.00%,100.00%,0.00%,0.00%,0.00%,100.00%,0.00%,6811,7117,8169,9577,0.00,0.00,0.00,0.00,5652.94,0.00,1097.20,0.00,237.00,0.00,46.00,0.00,39.50%,34.31%,36.78%,37.34%,(1.34)%,4.02%,1.80%,1.18%,98.21%,97.97%,98.39%,97.33%,615,493,560,546,0,0,0,0,0.00%,0.00%,0.00%,3.76%,188,143,161,136
B07M85KKJ4,Barebells,0.00,0.00,0.00,0.00,4260.20,3221.35,4257.55,4930.38,28.79,29.29,27.65,29.17,22.01%,22.24%,17.05%,19.16%,913.18,694.98,709.56,919.80,30.69%,30.42%,27.69%,29.04%,593,555,599,521,0.00%,0.00%,0.00%,0.00%,0.00%,100.00%,0.00%,100.00%,0.00%,83.33%,0.00%,100.00%,3093,4229,4397,6147,0.00,0.00,0.00,0.00,0.00,3521.17,406.29,0.00,0.00,104.00,12.00,0.00,43.67%,43.04%,42.46%,41.28%,(17.62)%,(15.61)%,(22.47)%,(16.05)%,100.00%,100.00%,100.00%,100.00%,589,476,524,514,0,0,0,0,0.00%,0.00%,0.00%,0.00%,171,97,172,172
B072HWGV31,Barebells,0.00,0.00,0.00,0.00,3848.04,2002.08,2119.06,2237.38,28.93,29.44,30.27,31.07,19.72%,21.14%,19.25%,22.12%,738.39,417.69,391.46,473.13,30.33%,31.20%,30.15%,31.28%,380,285,344,302,0.00%,0.00%,0.00%,0.00%,100.00%,100.00%,100.00%,0.00%,80.00%,63.16%,100.00%,0.00%,2149,3056,3523,4227,0.00,0.00,0.00,0.00,406.29,0.00,440.15,0.00,12.00,0.00,13.00,0.00,42.17%,42.00%,40.69%,40.53%,(17.02)%,(15.00)%,(11.84)%,(8.95)%,99.74%,98.95%,99.70%,99.34%,378,285,338,300,0,0,0,0,0.00%,0.00%,0.00%,0.00%,129,67,84,63
B086DVXG5K,Vitamin Well,28.13,28.13,28.13,28.13,3389.62,2358.65,3281.41,3810.65,23.54,24.57,24.67,25.07,23.29%,20.61%,23.15%,22.48%,802.20,489.88,767.34,861.99,38.59%,35.94%,37.25%,36.22%,541,429,508,528,0.00%,0.00%,0.00%,0.00%,0.00%,100.00%,0.00%,100.00%,0.00%,22.22%,0.00%,0.00%,2579,3787,4458,4786,0.00,0.00,0.00,0.00,0.00,0.00,3673.22,0.00,0.00,0.00,154.00,0.00,39.22%,34.54%,35.41%,33.67%,(1.33)%,2.92%,3.32%,4.86%,97.14%,100.00%,92.53%,100.00%,537,426,503,525,0,0,0,0,0.00%,0.00%,0.00%,0.00%,143,102,135,143
B07DLFZW31,Barebells,0.00,0.00,0.00,0.00,3116.47,3085.99,3248.70,3240.46,22.58,23.38,23.71,24.74,22.17%,21.90%,21.39%,25.51%,677.78,663.81,681.87,820.99,34.79%,34.67%,34.46%,37.08%,287,270,333,300,0.00%,0.00%,0.00%,0.00%,100.00%,100.00%,0.00%,0.00%,100.00%,19.18%,0.00%,0.00%,1540,2797,3606,4933,0.00,0.00,0.00,0.00,0.00,0.00,0.00,0.00,0.00,0.00,0.00,0.00,42.14%,39.95%,38.53%,38.10%,(8.05)%,(4.38)%,(2.91)%,1.35%,100.00%,90.42%,95.06%,98.65%,285,261,324,297,0,0,0,0,0.00%,0.00%,0.00%,0.00%,140,137,130,149
B086DV7D1W,Vitamin Well,28.13,28.13,28.13,28.13,2464.14,4940.97,6789.06,7400.85,24.16,24.95,24.87,24.67,21.61%,19.45%,19.54%,15.63%,504.69,974.25,1334.16,1153.30,39.99%,36.62%,37.61%,33.84%,716,849,1069,1497,6.84%,0.12%,0.00%,0.00%,100.00%,0.00%,100.00%,100.00%,0.00%,0.00%,0.00%,5.16%,85,1388,2799,5623,0.00,0.00,0.00,0.00,596.30,0.00,0.00,0.00,25.00,0.00,0.00,0.00,39.48%,34.12%,35.38%,33.25%,1.23%,4.41%,4.09%,3.31%,98.95%,100.00%,99.91%,100.00%,651,837,1058,1483,0,0,0,0,6.84%,0.12%,0.00%,0.00%,103,203,251,275
B08MKX6G7G,Vitamin Well,28.13,28.13,28.13,28.13,1924.75,1666.69,1991.03,2900.52,27.50,28.25,26.20,23.58,18.93%,21.12%,15.84%,7.68%,363.11,354.74,319.78,225.34,31.39%,34.36%,29.66%,21.37%,212,191,277,356,0.00%,0.00%,0.00%,0.00%,100.00%,100.00%,0.00%,100.00%,0.00%,28.02%,0.00%,0.00%,822,1349,1887,2815,0.00,0.00,0.00,0.00,0.00,0.00,47.70,0.00,0.00,0.00,2.00,0.00,22.50%,22.50%,22.50%,22.32%,13.25%,15.56%,8.95%,(1.15)%,96.62%,100.00%,100.00%,93.79%,212,189,274,354,0,0,0,0,0.00%,0.00%,0.00%,0.00%,70,61,75,121
B07FSPH47X,Barebells,40.19,40.19,40.19,40.19,1383.79,1367.13,109.41,404.97,28.83,31.07,36.47,36.82,19.36%,21.43%,17.41%,16.17%,248.11,279.65,18.63,60.64,30.06%,30.25%,29.91%,27.53%,178,188,39,42,0.00%,0.00%,48.72%,19.51%,0.00%,0.00%,0.00%,100.00%,0.00%,0.00%,0.00%,0.00%,610,1050,478,105,0.00,0.00,0.00,0.00,0.00,0.00,5315.61,0.00,0.00,0.00,157.00,0.00,43.81%,40.71%,28.07%,29.19%,(17.44)%,(8.97)%,7.17%,8.03%,100.00%,99.47%,100.00%,93.33%,176,188,17,29,0,0,0,0,0.00%,0.00%,48.72%,19.51%,57,36,12,7
B0BFBDDGGN,Barebells,40.19,40.19,40.19,40.19,1129.20,1016.65,152.04,2818.12,28.95,29.90,30.41,30.63,18.02%,18.43%,16.12%,17.80%,201.34,182.27,23.50,483.05,29.86%,29.57%,28.11%,29.40%,140,144,125,300,20.71%,16.67%,59.20%,4.00%,100.00%,100.00%,100.00%,100.00%,0.00%,0.00%,0.00%,53.68%,723,828,440,656,0.00,0.00,0.00,0.00,0.00,5214.04,1692.87,0.00,0.00,154.00,50.00,0.00,41.72%,41.03%,40.28%,38.47%,(16.94)%,(13.23)%,(11.34)%,(10.53)%,100.00%,93.28%,100.00%,99.63%,97,125,39,273,0,0,0,0,20.71%,16.67%,59.20%,4.00%,31,31,14,101
B07DLJB7PC,Barebells,0.00,0.00,0.00,0.00,1112.26,779.02,753.29,1079.52,20.22,21.64,23.54,23.99,14.46%,14.75%,18.03%,19.93%,155.49,110.97,133.90,210.32,29.50%,27.10%,31.89%,31.48%,100,55,70,91,0.00%,0.00%,0.00%,0.00%,0.00%,100.00%,0.00%,100.00%,0.00%,20.00%,0.00%,0.00%,369,698,699,886,0.00,0.00,0.00,0.00,0.00,0.00,878.47,0.00,0.00,0.00,36.00,0.00,43.91%,39.46%,37.09%,36.03%,(20.67)%,(12.77)%,(3.66)%,(1.72)%,90.82%,95.92%,100.00%,100.00%,98,55,69,86,0,0,0,0,0.00%,0.00%,0.00%,0.00%,53,39,38,34
B07MHKBDJV,Barebells,0.00,0.00,0.00,0.00,1102.57,719.22,920.61,975.85,25.06,28.77,28.77,28.70,14.92%,24.88%,25.18%,25.84%,150.10,171.04,223.61,247.70,25.12%,35.41%,36.09%,37.26%,83,64,86,94,0.00%,0.00%,0.00%,0.00%,0.00%,100.00%,0.00%,100.00%,0.00%,100.00%,0.00%,100.00%,3467,3746,3418,3006,0.00,0.00,0.00,0.00,0.00,1830.15,2220.59,0.00,0.00,75.00,91.00,0.00,29.92%,30.16%,30.03%,29.69%,2.62%,15.18%,15.18%,14.98%,98.73%,98.36%,92.59%,90.24%,79,62,85,93,0,0,0,0,0.00%,0.00%,0.00%,0.00%,38,17,35,38
B07DLCVM1H,Barebells,0.00,0.00,0.00,0.00,862.93,745.79,897.33,1003.10,26.15,26.64,24.93,25.08,13.24%,17.03%,13.59%,16.05%,106.33,116.40,119.56,157.51,29.21%,29.94%,25.41%,28.09%,70,68,70,103,0.00%,0.00%,0.00%,0.00%,100.00%,100.00%,0.00%,0.00%,0.00%,78.26%,0.00%,0.00%,2154,2460,2690,2982,0.00,0.00,0.00,0.00,0.00,0.00,146.41,0.00,0.00,0.00,6.00,0.00,27.09%,28.66%,26.70%,29.48%,6.68%,8.38%,2.10%,2.69%,98.11%,97.73%,93.94%,94.52%,69,63,70,92,0,0,0,0,0.00%,0.00%,0.00%,0.00%,32,27,45,38
B0F793ZNSD,Barebells,0.00,0.00,0.00,0.00,431.70,777.09,407.86,0,35.98,37.00,37.08,0.00,16.24%,21.15%,14.41%,0.00%,70.07,165.28,53.79,0,27.81%,30.68%,30.98%,0.00%,112,101,101,171,66.96%,15.84%,73.27%,100.00%,0.00%,100.00%,0.00%,100.00%,0.00%,11.11%,0.00%,0.00%,31,68,72,16,0.00,0.00,0.00,0,0.00,406.29,812.58,0.00,0.00,12.00,24.00,0.00,24.50%,24.50%,24.50%,0.00%,5.89%,8.50%,8.69%,0.00%,100.00%,100.00%,100.00%,100.00%,110,98,100,171,0,0,0,0,66.96%,15.84%,73.27%,100.00%,12,21,11,0
B08MBD4175,Vitamin Well,0.00,0.00,0.00,0.00,261.50,0,870.68,2881.24,21.79,0.00,24.19,24.84,1.63%,0.00%,17.99%,22.93%,4.31,0,157.57,670.74,16.72%,0.00%,38.75%,37.31%,97,106,254,425,55.67%,77.36%,34.25%,0.00%,0.00%,100.00%,100.00%,100.00%,0.00%,93.94%,0.00%,52.48%,2902,2979,975,709,0.00,0.00,0.00,0.00,310.08,7584.96,3387.00,0.00,13.00,318.00,142.00,0.00,23.92%,0.00%,37.67%,34.66%,(9.45)%,0.00%,1.36%,3.97%,100.00%,85.96%,96.08%,100.00%,3,42,175,425,0,0,0,0,55.67%,77.36%,34.25%,0.00%,-2,5,36,110
B09MWMV1DG,Barebells,0.00,0.00,0.00,0.00,133.79,493.18,1918.34,2734.81,33.45,27.40,26.28,27.35,15.77%,14.65%,9.98%,12.39%,19.17,66.44,184.01,330.47,27.88%,24.21%,23.19%,23.61%,108,162,247,301,46.30%,43.83%,12.15%,0.00%,100.00%,100.00%,100.00%,100.00%,0.00%,100.00%,0.00%,90.91%,330,825,298,1226,0.00,0.00,0.00,0.00,0.00,4469.17,1388.15,0.00,0.00,132.00,41.00,0.00,38.63%,45.75%,42.99%,41.22%,(1.22)%,(23.57)%,(28.84)%,(23.80)%,100.00%,100.00%,100.00%,99.67%,0,40,204,300,0,0,0,0,46.30%,43.83%,12.15%,0.00%,-2,8,87,111
B0DXBYBZN4,Vitamin Well,0.00,0.00,0.00,0.00,107.34,143.12,35.78,34.66,17.89,17.89,17.89,17.33,21.55%,19.73%,15.56%,(6.33)%,23.04,28.33,5.63,-2.24,35.70%,36.12%,37.37%,16.58%,32,22,21,22,78.13%,72.73%,61.90%,38.10%,100.00%,100.00%,0.00%,100.00%,100.00%,28.57%,0.00%,0.00%,56,72,109,7,0.00,0.00,0.00,0.00,0.00,86.74,375.87,0.00,0.00,6.00,26.00,0.00,22.50%,22.50%,22.50%,0.00%,19.19%,19.19%,19.19%,16.58%,0.00%,0.00%,0.00%,0.00%,30,20,11,21,0,0,0,0,78.13%,72.73%,61.90%,38.10%,6,8,-1,4
B0F331Z81L,Barebells,0.00,0.00,0.00,0.00,93.31,0,31.12,0,31.10,0.00,31.12,0.00,(3.75)%,0.00%,31.36%,0.00%,-2.36,0,9.82,0,41.46%,0.00%,40.79%,0.00%,25,26,43,44,0.00%,0.00%,74.42%,100.00%,100.00%,100.00%,0.00%,100.00%,90.74%,0.00%,0.00%,0.00%,68,56,18,0,0.00,0,0.00,0,0.00,97.61,170.81,0.00,0.00,4.00,7.00,0.00,24.50%,0.00%,24.50%,0.00%,21.54%,0.00%,21.58%,0.00%,0.00%,0.00%,0.00%,0.00%,25,26,16,21,0,0,0,0,0.00%,0.00%,74.42%,100.00%,3,0,1,0
B088N7FT19,Barebells,0.00,0.00,0.00,0.00,91.56,471.96,283.18,396.83,30.52,31.46,31.46,33.07,21.86%,26.20%,26.79%,16.80%,20.25,118.02,75.13,65.80,35.10%,34.68%,37.21%,28.83%,35,65,78,83,25.71%,0.00%,0.00%,0.00%,100.00%,100.00%,0.00%,0.00%,0.00%,0.00%,0.00%,0.00%,19,116,227,337,0.00,0.00,0.00,0.00,0.00,0.00,0.00,0.00,0.00,0.00,0.00,0.00,41.50%,44.19%,43.56%,33.13%,(10.94)%,(7.61)%,(7.61)%,(2.38)%,76.00%,96.36%,100.00%,100.00%,21,61,74,80,0,0,0,0,25.71%,0.00%,0.00%,0.00%,2,8,9,19
B01MQJPAOU,Rip van Wafels,0.00,0.00,0.00,0.00,53.92,61.63,0,0,26.96,30.81,0.00,0.00,11.43%,18.37%,0.00%,0.00%,6.43,11.48,0,0,27.09%,33.65%,0.00%,0.00%,8,9,9,12,0.00%,0.00%,22.22%,41.67%,0.00%,100.00%,0.00%,100.00%,0.00%,0.00%,0.00%,0.00%,41,40,30,24,0.00,0.00,0,0,0.00,79.14,52.76,0.00,0.00,3.00,2.00,0.00,22.50%,22.50%,0.00%,0.00%,2.15%,14.39%,0.00%,0.00%,0.00%,0.00%,0.00%,0.00%,8,8,4,4,0,0,0,0,0.00%,0.00%,22.22%,41.67%,2,2,-3,0
B0DXBRHMXT,Vitamin Well,0.00,0.00,0.00,0.00,14.39,0,0,0,14.39,0.00,0.00,0.00,(5.01)%,0.00%,0.00%,0.00%,-0.72,0,0,0,22.13%,0.00%,0.00%,0.00%,9,13,9,8,0.00%,38.46%,77.78%,0.00%,100.00%,100.00%,0.00%,100.00%,0.00%,0.00%,0.00%,89.92%,388,530,37,68,0.00,0.00,0.00,0,57.83,1590.23,28.91,28.91,4.00,110.00,2.00,2.00,22.50%,0.00%,0.00%,0.00%,(0.47)%,0.00%,0.00%,0.00%,100.00%,85.71%,77.78%,25.00%,0,6,7,0,0,0,0,0,0.00%,38.46%,77.78%,0.00%,-1,-3,1,0
B0DQR5L658,Castello since 1907,5.89,5.89,5.89,5.89,5.78,5.78,5.78,5.78,5.78,5.78,5.78,5.78,2.17%,2.17%,20.79%,4.80%,0.13,0.13,1.22,0.28,37.58%,37.58%,37.58%,37.58%,2,6,12,9,100.00%,0.00%,0.00%,0.00%,100.00%,100.00%,100.00%,0.00%,0.00%,0.00%,0.00%,0.00%,0,7,9,20,0.00,0.00,0.00,0.00,0.00,0.00,0.00,0.00,0.00,0.00,0.00,0.00,22.50%,22.50%,22.50%,22.50%,19.45%,19.45%,19.45%,19.45%,0.00%,33.33%,33.33%,22.22%,0,6,12,9,0,0,0,0,100.00%,0.00%,0.00%,0.00%,0,1,1,1
B0D3QVP733,UNKNOWN,3.35,0.00,3.35,0.00,3.84,0,12.57,0,3.84,0.00,3.14,0.00,(39.57)%,0.00%,(193.81)%,0.00%,-1.92,0,-13.44,0,26.47%,0.00%,3.16%,0.00%,62,59,96,35,1.61%,3.39%,7.29%,17.14%,100.00%,100.00%,0.00%,0.00%,0.00%,0.00%,0.00%,0.00%,65,139,535,927,0.00,0,0.00,0,0.00,0.00,0.00,0.00,0.00,0.00,0.00,0.00,0.00%,0.00%,0.00%,0.00%,26.47%,0.00%,10.26%,0.00%,65.57%,71.93%,71.91%,90.48%,61,57,92,34,0,0,0,0,1.61%,3.39%,7.29%,17.14%,1,0,1,0
B07Q4Q591H,Barebells,0.00,0.00,0.00,0.00,0,0,0,0,0.00,0.00,0.00,0.00,0.00%,0.00%,0.00%,0.00%,0,0,0,0,0.00%,0.00%,0.00%,0.00%,0,0,1,2,0.00%,0.00%,0.00%,50.00%,0.00%,0.00%,0.00%,0.00%,0.00%,0.00%,0.00%,0.00%,0,0,0,0,0,0,0,0,0.00,0.00,0.00,0.00,0.00,0.00,0.00,0.00,0.00%,0.00%,0.00%,0.00%,0.00%,0.00%,0.00%,0.00%,0.00%,0.00%,0.00%,0.00%,0,0,1,1,0,0,0,0,0.00%,0.00%,0.00%,50.00%,0,0,0,0
B09FX639YN,QualityFood,0.00,0.00,0.00,0.00,0,0,0,28.78,0.00,0.00,0.00,2.40,0.00%,0.00%,0.00%,(58.29)%,0,0,0,-17.27,0.00%,0.00%,0.00%,(18.76)%,1,2,2,4,100.00%,50.00%,100.00%,50.00%,100.00%,100.00%,0.00%,0.00%,0.00%,0.00%,0.00%,0.00%,8,8,8,22,0,0,0,0.00,0.00,0.00,0.00,0.00,0.00,0.00,0.00,0.00,0.00%,0.00%,0.00%,22.50%,0.00%,0.00%,0.00%,(53.23)%,0.00%,100.00%,0.00%,100.00%,0,0,0,0,0,0,0,0,100.00%,50.00%,100.00%,50.00%,0,-8,0,0
B0F13HJBN1,Lacnor,0.00,0.00,0.00,0.42,0,0,0,0.86,0.00,0.00,0.00,0.43,0.00%,0.00%,0.00%,(580.66)%,0,0,0,-7.04,0.00%,0.00%,0.00%,24.68%,0,2,4,2,0.00%,100.00%,100.00%,100.00%,0.00%,0.00%,0.00%,0.00%,0.00%,0.00%,0.00%,0.00%,0,0,0,23,0,0,0,0.00,0.00,0.00,0.00,0.00,0.00,0.00,0.00,0.00,0.00%,0.00%,0.00%,0.00%,0.00%,0.00%,0.00%,24.68%,0.00%,100.00%,100.00%,100.00%,0,2,4,2,0,0,0,0,0.00%,100.00%,100.00%,100.00%,0,0,2,-1
B0DTGMM5L1,Castello since 1907,0.00,0.00,0.00,0.00,0,0,0,0,0.00,0.00,0.00,0.00,0.00%,0.00%,0.00%,0.00%,0,0,0,0,0.00%,0.00%,0.00%,0.00%,0,0,0,0,0.00%,0.00%,0.00%,0.00%,0.00%,0.00%,0.00%,0.00%,0.00%,0.00%,0.00%,0.00%,0,0,0,0,0,0,0,0,0.00,0.00,0.00,0.00,0.00,0.00,0.00,0.00,0.00%,0.00%,0.00%,0.00%,0.00%,0.00%,0.00%,0.00%,0.00%,0.00%,0.00%,0.00%,0,0,0,0,0,0,0,0,0.00%,0.00%,0.00%,0.00%,0,0,0,0
B07KDKSTS7,UNKNOWN,0.00,0.00,0.00,0.00,0,0,0,0,0.00,0.00,0.00,0.00,0.00%,0.00%,0.00%,0.00%,0,0,0,0,0.00%,0.00%,0.00%,0.00%,26,7,15,13,76.92%,42.86%,80.00%,76.92%,100.00%,100.00%,0.00%,100.00%,0.00%,0.00%,0.00%,0.00%,24,24,30,231,0,0,0,0,0.00,0.00,0.00,0.00,0.00,0.00,0.00,0.00,0.00%,0.00%,0.00%,0.00%,0.00%,0.00%,0.00%,0.00%,60.00%,0.00%,33.33%,33.33%,0,0,0,0,0,0,0,0,76.92%,42.86%,80.00%,76.92%,0,-1,-1,0
B09FX1D4PF,QualityFood,0.00,0.00,0.00,2.38,0,0,0,44.08,0.00,0.00,0.00,2.20,0.00%,0.00%,0.00%,(41.92)%,0,0,0,-20.04,0.00%,0.00%,0.00%,27.61%,5,15,13,13,80.00%,20.00%,84.62%,91.67%,100.00%,100.00%,0.00%,100.00%,0.00%,0.00%,0.00%,0.00%,10,11,8,2,0,0,0,0.00,0.00,0.00,0.00,0.00,0.00,0.00,0.00,0.00,0.00%,0.00%,0.00%,22.50%,0.00%,0.00%,0.00%,9.82%,80.00%,64.29%,100.00%,100.00%,5,14,13,11,0,0,0,0,80.00%,20.00%,84.62%,91.67%,-1,1,-2,0
B0D1HBJF5R,Barebells,0.00,0.00,0.00,0.00,0,0,0,0,0.00,0.00,0.00,0.00,0.00%,0.00%,0.00%,0.00%,0,0,0,0,0.00%,0.00%,0.00%,0.00%,30,19,23,31,100.00%,100.00%,100.00%,100.00%,0.00%,100.00%,0.00%,0.00%,0.00%,16.67%,0.00%,0.00%,0,0,0,0,0,0,0,0,0.00,0.00,0.00,0.00,0.00,0.00,0.00,0.00,0.00%,0.00%,0.00%,0.00%,0.00%,0.00%,0.00%,0.00%,0.00%,0.00%,0.00%,0.00%,29,15,21,28,0,0,0,0,100.00%,100.00%,100.00%,100.00%,0,0,0,0
B0DMTC4NQB,Castello since 1907,0.00,0.00,0.00,0.00,0,0,0,0,0.00,0.00,0.00,0.00,0.00%,0.00%,0.00%,0.00%,0,0,0,0,0.00%,0.00%,0.00%,0.00%,1,2,0,2,100.00%,100.00%,0.00%,100.00%,100.00%,0.00%,100.00%,100.00%,0.00%,0.00%,0.00%,0.00%,0,0,0,0,0,0,0,0,0.00,0.00,0.00,0.00,0.00,0.00,0.00,0.00,0.00%,0.00%,0.00%,0.00%,0.00%,0.00%,0.00%,0.00%,0.00%,0.00%,0.00%,0.00%,0,0,0,0,0,0,0,0,100.00%,100.00%,0.00%,100.00%,0,0,0,0
B07Q4QJ7KV,Barebells,0.00,0.00,0.00,0.00,0,0,0,0,0.00,0.00,0.00,0.00,0.00%,0.00%,0.00%,0.00%,0,0,0,0,0.00%,0.00%,0.00%,0.00%,1,0,0,7,100.00%,0.00%,0.00%,100.00%,0.00%,0.00%,0.00%,100.00%,0.00%,0.00%,0.00%,0.00%,0,0,0,0,0,0,0,0,0.00,0.00,0.00,0.00,0.00,0.00,0.00,0.00,0.00%,0.00%,0.00%,0.00%,0.00%,0.00%,0.00%,0.00%,0.00%,0.00%,0.00%,0.00%,0,0,0,0,0,0,0,0,100.00%,0.00%,0.00%,100.00%,0,0,0,0
B07DLNH6L2,Barebells,0.00,0.00,0.00,0.00,0,0,0,0,0.00,0.00,0.00,0.00,0.00%,0.00%,0.00%,0.00%,0,0,0,0,0.00%,0.00%,0.00%,0.00%,43,51,81,107,46.51%,66.67%,85.19%,95.28%,0.00%,100.00%,0.00%,100.00%,0.00%,100.00%,0.00%,28.39%,927,1077,202,0,0,0.00,0.00,0.00,0.00,5315.61,1557.44,0.00,0.00,157.00,46.00,0.00,0.00%,0.00%,0.00%,0.00%,0.00%,0.00%,0.00%,0.00%,100.00%,84.00%,69.23%,18.75%,0,15,13,28,0,0,0,0,46.51%,66.67%,85.19%,95.28%,-9,-15,41,1
B07Q6Z4LPB,UNKNOWN,0.00,0.00,0.00,0.00,0,0,0,0,0.00,0.00,0.00,0.00,0.00%,0.00%,0.00%,0.00%,0,0,0,0,0.00%,0.00%,0.00%,0.00%,5,3,10,5,40.00%,33.33%,10.00%,20.00%,100.00%,100.00%,0.00%,100.00%,0.00%,0.00%,0.00%,0.00%,0,0,0,0,0,0,0,0,0.00,0.00,0.00,0.00,0.00,0.00,0.00,0.00,0.00%,0.00%,0.00%,0.00%,0.00%,0.00%,0.00%,0.00%,100.00%,100.00%,100.00%,100.00%,5,3,9,5,0,0,0,0,40.00%,33.33%,10.00%,20.00%,-3,0,0,0
B0FS7DHXXJ,Vitamin Well,0.00,0.00,0.00,0.00,0,0,0,0,0.00,0.00,0.00,0.00,0.00%,0.00%,0.00%,0.00%,0,0,0,0,0.00%,0.00%,0.00%,0.00%,6,6,12,3,100.00%,100.00%,100.00%,100.00%,0.00%,100.00%,0.00%,100.00%,0.00%,0.00%,0.00%,0.00%,0,0,0,0,0,0,0,0,0.00,0.00,0.00,0.00,0.00,0.00,0.00,0.00,0.00%,0.00%,0.00%,0.00%,0.00%,0.00%,0.00%,0.00%,100.00%,100.00%,100.00%,100.00%,6,6,11,3,0,0,0,0,100.00%,100.00%,100.00%,100.00%,-1,-3,5,2
B07TDTX4R2,Barebells,0.00,40.19,40.19,40.19,0,363.30,9191.04,10861.34,0.00,27.95,26.87,28.73,0.00%,5.86%,13.52%,18.50%,0,19.36,1212.98,1988.46,0.00%,16.46%,24.93%,27.92%,243,320,1379,2039,65.02%,69.38%,7.47%,0.00%,100.00%,100.00%,100.00%,100.00%,261.29%,100.00%,0.00%,20.37%,63,218,1195,4797,0,0.00,0.00,0.00,0.00,67.71,1489.61,0.00,0.00,2.00,44.00,0.00,0.00%,39.29%,42.26%,40.40%,0.00%,(21.14)%,(25.97)%,(17.82)%,100.00%,51.22%,99.51%,99.60%,0,0,1263,2025,0,0,0,0,65.02%,69.38%,7.47%,0.00%,-11,-4,333,397
B088NNZW7B,Barebells,0.00,0.00,0.00,0.00,0,0,0,0,0.00,0.00,0.00,0.00,0.00%,0.00%,0.00%,0.00%,0,0,0,0,0.00%,0.00%,0.00%,0.00%,89,64,104,114,65.17%,68.75%,68.27%,46.02%,100.00%,100.00%,0.00%,100.00%,0.00%,0.00%,0.00%,0.00%,0,0,0,14,0,0,0,0,0.00,0.00,0.00,0.00,0.00,0.00,0.00,0.00,0.00%,0.00%,0.00%,0.00%,0.00%,0.00%,0.00%,0.00%,0.00%,0.00%,0.00%,0.00%,89,64,104,114,0,0,0,0,65.17%,68.75%,68.27%,46.02%,-1,-1,2,0
B0DN9HZPYH,Barebells,0.00,0.00,0.00,0.00,0,0,0,0,0.00,0.00,0.00,0.00,0.00%,0.00%,0.00%,0.00%,0,0,0,0,0.00%,0.00%,0.00%,0.00%,5,7,3,4,80.00%,42.86%,100.00%,75.00%,100.00%,100.00%,0.00%,0.00%,0.00%,0.00%,0.00%,0.00%,0,0,0,0,0,0,0,0,0.00,0.00,0.00,0.00,0.00,0.00,0.00,0.00,0.00%,0.00%,0.00%,0.00%,0.00%,0.00%,0.00%,0.00%,100.00%,33.33%,0.00%,100.00%,5,7,3,4,0,0,0,0,80.00%,42.86%,100.00%,75.00%,0,1,0,0
B0CH8RF9RZ,Barebells,0.00,0.00,0.00,0.00,0,0,0,0,0.00,0.00,0.00,0.00,0.00%,0.00%,0.00%,0.00%,0,0,0,0,0.00%,0.00%,0.00%,0.00%,1,3,35,50,100.00%,0.00%,88.57%,91.84%,100.00%,0.00%,0.00%,0.00%,0.00%,0.00%,0.00%,0.00%,0,0,0,0,0,0,0,0,0.00,0.00,0.00,0.00,0.00,0.00,0.00,0.00,0.00%,0.00%,0.00%,0.00%,0.00%,0.00%,0.00%,0.00%,0.00%,0.00%,0.00%,0.00%,1,3,35,49,0,0,0,0,100.00%,0.00%,88.57%,91.84%,0,0,0,0
B07CD4K7HM,Rip van Wafels,0.00,0.00,0.00,0.00,0,62.23,31.12,0,0.00,31.12,31.12,0.00,0.00%,22.85%,19.53%,0.00%,0,14.35,6.09,0,0.00%,34.29%,34.29%,0.00%,11,11,13,8,100.00%,54.55%,0.00%,0.00%,0.00%,100.00%,0.00%,100.00%,0.00%,0.00%,0.00%,0.00%,0,5,20,24,0,0.00,0.00,0,0.00,0.00,0.00,0.00,0.00,0.00,0.00,0.00,0.00%,22.50%,22.50%,0.00%,0.00%,15.22%,15.22%,0.00%,0.00%,0.00%,0.00%,0.00%,0,5,13,8,0,0,0,0,100.00%,54.55%,0.00%,0.00%,0,2,1,0
B0BYZS6GLT,Barebells,0.00,0.00,0.00,0.00,0,0,0,0,0.00,0.00,0.00,0.00,0.00%,0.00%,0.00%,0.00%,0,0,0,0,0.00%,0.00%,0.00%,0.00%,4,1,3,6,25.00%,0.00%,0.00%,16.67%,100.00%,0.00%,0.00%,100.00%,0.00%,0.00%,0.00%,0.00%,16,14,47,212,0,0,0,0,0.00,0.00,0.00,0.00,0.00,0.00,0.00,0.00,0.00%,0.00%,0.00%,0.00%,0.00%,0.00%,0.00%,0.00%,66.67%,100.00%,100.00%,100.00%,0,0,0,0,0,0,0,0,25.00%,0.00%,0.00%,16.67%,0,0,0,0
B0DWXBKCLF,QMINC,0.00,0.00,0.00,0.00,0,0,0,0,0.00,0.00,0.00,0.00,0.00%,0.00%,0.00%,0.00%,0,0,0,0,0.00%,0.00%,0.00%,0.00%,54,53,73,96,59.26%,58.49%,72.60%,85.26%,0.00%,100.00%,0.00%,100.00%,0.00%,0.00%,0.00%,0.00%,0,0,0,0,0,0,0,0,0.00,0.00,0.00,0.00,0.00,0.00,0.00,0.00,0.00%,0.00%,0.00%,0.00%,0.00%,0.00%,0.00%,0.00%,0.00%,0.00%,0.00%,0.00%,44,48,68,93,0,0,0,0,59.26%,58.49%,72.60%,85.26%,0,0,0,0
B0CGK3WVSK,Barebells,0.00,0.00,0.00,0.00,0,0,0,0,0.00,0.00,0.00,0.00,0.00%,0.00%,0.00%,0.00%,0,0,0,0,0.00%,0.00%,0.00%,0.00%,88,74,80,92,56.82%,59.46%,71.25%,71.74%,0.00%,0.00%,0.00%,100.00%,0.00%,0.00%,0.00%,100.00%,2095,2197,1687,1791,0,0.00,0.00,0.00,0.00,3521.17,101.57,0.00,0.00,104.00,3.00,0.00,0.00%,0.00%,0.00%,0.00%,0.00%,0.00%,0.00%,0.00%,100.00%,53.85%,50.00%,100.00%,0,0,0,0,0,0,0,0,56.82%,59.46%,71.25%,71.74%,0,0,0,0
B0BD8QGVR6,UNKNOWN,0.00,0.00,0.00,0.00,0,0,0,0,0.00,0.00,0.00,0.00,0.00%,0.00%,0.00%,0.00%,0,0,0,0,0.00%,0.00%,0.00%,0.00%,29,29,33,37,68.97%,31.03%,57.58%,16.67%,100.00%,100.00%,0.00%,100.00%,0.00%,0.00%,0.00%,0.00%,0,0,22,204,0,0,0,0,0.00,0.00,0.00,0.00,0.00,0.00,0.00,0.00,0.00%,0.00%,0.00%,0.00%,0.00%,0.00%,0.00%,0.00%,0.00%,0.00%,0.00%,0.00%,29,28,32,37,0,0,0,0,68.97%,31.03%,57.58%,16.67%,0,0,-1,0
B0DQLLVRXB,Barebells,0.00,3.35,3.35,0.00,0,4.89,21.96,0,0.00,4.89,4.39,0.00,0.00%,(39.94)%,(9.77)%,0.00%,0,-2.13,-2.22,0,0.00%,42.28%,35.77%,0.00%,4,4,14,9,0.00%,0.00%,0.00%,0.00%,100.00%,100.00%,0.00%,0.00%,0.00%,0.00%,0.00%,0.00%,48,50,66,60,0,0.00,0.00,0,0.00,0.00,0.00,0.00,0.00,0.00,0.00,0.00,0.00%,0.00%,0.00%,0.00%,0.00%,42.28%,35.77%,0.00%,0.00%,0.00%,0.00%,0.00%,4,4,12,9,0,0,0,0,0.00%,0.00%,0.00%,0.00%,0,1,2,0
B0CH8T3XXZ,Barebells,0.00,0.00,3.35,0.00,0,0,3.74,0,0.00,0.00,3.74,0.00,0.00%,0.00%,(59.49)%,0.00%,0,0,-2.42,0,0.00%,0.00%,24.54%,0.00%,5,3,1,1,0.00%,0.00%,0.00%,0.00%,100.00%,0.00%,0.00%,100.00%,0.00%,0.00%,0.00%,0.00%,88,88,89,96,0,0,0.00,0,0.00,0.00,0.00,0.00,0.00,0.00,0.00,0.00,0.00%,0.00%,0.00%,0.00%,0.00%,0.00%,24.54%,0.00%,0.00%,0.00%,0.00%,0.00%,5,3,1,1,0,0,0,0,0.00%,0.00%,0.00%,0.00%,0,0,0,0
B07WRL9XZG,UNKNOWN,0.00,0.00,0.00,0.00,0,0,0,0,0.00,0.00,0.00,0.00,0.00%,0.00%,0.00%,0.00%,0,0,0,0,0.00%,0.00%,0.00%,0.00%,12,2,11,17,66.67%,50.00%,36.36%,68.75%,100.00%,0.00%,0.00%,100.00%,0.00%,0.00%,0.00%,0.00%,484,543,664,585,0,0,0,0,0.00,0.00,0.00,0.00,0.00,0.00,0.00,0.00,0.00%,0.00%,0.00%,0.00%,0.00%,0.00%,0.00%,0.00%,25.00%,0.00%,0.00%,0.00%,0,0,0,0,0,0,0,0,66.67%,50.00%,36.36%,68.75%,0,0,0,0
B09FX76VQN,UNKNOWN,0.00,0.00,0.00,0.00,0,0,0,0,0.00,0.00,0.00,0.00,0.00%,0.00%,0.00%,0.00%,0,0,0,0,0.00%,0.00%,0.00%,0.00%,16,21,11,11,75.00%,90.48%,9.09%,0.00%,100.00%,100.00%,0.00%,100.00%,0.00%,0.00%,0.00%,0.00%,16,16,9,8,0,0,0,0,0.00,0.00,0.00,0.00,0.00,0.00,0.00,0.00,0.00%,0.00%,0.00%,0.00%,0.00%,0.00%,0.00%,0.00%,92.31%,100.00%,50.00%,100.00%,16,20,2,0,0,0,0,0,75.00%,90.48%,9.09%,0.00%,-1,10,-1,0
B0DTDTZGMQ,Barebells,0.00,0.00,0.00,0.00,0,0,0,0,0.00,0.00,0.00,0.00,0.00%,0.00%,0.00%,0.00%,0,0,0,0,0.00%,0.00%,0.00%,0.00%,2,0,2,1,100.00%,0.00%,50.00%,0.00%,0.00%,100.00%,0.00%,0.00%,0.00%,0.00%,0.00%,0.00%,8,8,8,8,0,0,0,0,0.00,0.00,0.00,0.00,0.00,0.00,0.00,0.00,0.00%,0.00%,0.00%,0.00%,0.00%,0.00%,0.00%,0.00%,0.00%,0.00%,0.00%,100.00%,0,0,0,1,0,0,0,0,100.00%,0.00%,50.00%,0.00%,0,0,0,0
B07G4GNKHT,Barebells,0.00,0.00,0.00,3.35,0,0,0,3.78,0.00,0.00,0.00,3.78,0.00%,0.00%,0.00%,(53.89)%,0,0,0,-2.21,0.00%,0.00%,0.00%,25.36%,35,42,54,58,0.00%,2.38%,1.85%,3.45%,100.00%,100.00%,0.00%,0.00%,0.00%,0.00%,0.00%,0.00%,560,574,602,381,0,0,0,0.00,0.00,0.00,0.00,0.00,0.00,0.00,0.00,0.00,0.00%,0.00%,0.00%,0.00%,0.00%,0.00%,0.00%,25.36%,58.33%,68.29%,85.29%,87.50%,35,41,46,56,0,0,0,0,0.00%,2.38%,1.85%,3.45%,0,0,0,0
B0CBKW4ZYB,Barebells,0.00,0.00,0.00,0.00,0,117.18,99.57,0,0.00,39.06,24.89,0.00,0.00%,23.65%,(15.92)%,0.00%,0,27.92,-15.97,0,0.00%,34.56%,(2.69)%,0.00%,2,2,3,0,100.00%,100.00%,0.00%,0.00%,0.00%,100.00%,0.00%,0.00%,0.00%,0.00%,0.00%,0.00%,0,5,32,56,0,0.00,0.00,0,0.00,0.00,0.00,0.00,0.00,0.00,0.00,0.00,0.00%,24.50%,24.50%,0.00%,0.00%,13.32%,(36.02)%,0.00%,0.00%,0.00%,100.00%,0.00%,2,2,3,0,0,0,0,0,100.00%,100.00%,0.00%,0.00%,0,3,4,0
B0DTGL5G3D,Castello since 1907,0.00,0.00,0.00,9.35,0,0,0,8.50,0.00,0.00,0.00,8.50,0.00%,0.00%,0.00%,(14.85)%,0,0,0,-1.26,0.00%,0.00%,0.00%,27.36%,3,1,8,7,0.00%,0.00%,0.00%,0.00%,0.00%,0.00%,0.00%,0.00%,0.00%,0.00%,0.00%,0.00%,104,104,104,107,0,0,0,0.00,0.00,0.00,0.00,0.00,0.00,0.00,0.00,0.00,0.00%,0.00%,0.00%,22.50%,0.00%,0.00%,0.00%,13.54%,100.00%,100.00%,12.50%,42.86%,3,1,8,7,0,0,0,0,0.00%,0.00%,0.00%,0.00%,0,0,0,1
B01N531XR0,Rip van Wafels,0.00,0.00,0.00,0.00,0,0,62.23,0,0.00,0.00,31.12,0.00,0.00%,0.00%,6.75%,0.00%,0,0,4.24,0,0.00%,0.00%,19.16%,0.00%,11,17,10,10,81.82%,82.35%,30.00%,0.00%,0.00%,100.00%,0.00%,0.00%,0.00%,0.00%,0.00%,0.00%,302,142,11,59,0,0,0.00,0,0.00,1383.44,0.00,0.00,0.00,55.00,0.00,0.00,0.00%,0.00%,0.00%,0.00%,0.00%,0.00%,19.16%,0.00%,0.00%,0.00%,0.00%,0.00%,11,17,9,10,0,0,0,0,81.82%,82.35%,30.00%,0.00%,0,0,2,0
B07Q3S7RLD,UNKNOWN,0.00,0.00,0.00,0.00,0,0,0,0,0.00,0.00,0.00,0.00,0.00%,0.00%,0.00%,0.00%,0,0,0,0,0.00%,0.00%,0.00%,0.00%,7,4,9,5,28.57%,100.00%,0.00%,60.00%,100.00%,100.00%,0.00%,100.00%,0.00%,0.00%,0.00%,0.00%,0,0,0,0,0,0,0,0,0.00,0.00,0.00,0.00,0.00,0.00,0.00,0.00,0.00%,0.00%,0.00%,0.00%,0.00%,0.00%,0.00%,0.00%,0.00%,0.00%,0.00%,0.00%,4,4,6,2,0,0,0,0,28.57%,100.00%,0.00%,60.00%,0,0,0,0
,,13.13,14.72,18.80,18.97,35565.67,32319.28,45092.48,55172.71,25.92,26.78,26.10,26.47,20.06%,20.63%,18.08%,18.83%,6949.65,6586.65,8043.61,10274.81,32.73%,33.08%,31.38%,31.11%,5714,5691,7425,9030,13.55%,12.09%,11.13%,7.97%,100.00%,100.00%,100.00%,100.00%,17.58%,38.15%,18.68%,38.18%,34500,45061,46268,61711,0.00,0.00,0.00,0.00,7023.44,41058.62,25587.93,28.91,291.00,1410.00,913.00,2.00,39.77%,37.59%,38.42%,37.14%,(8.19)%,(3.93)%,(8.75)%,(6.48)%,97.92%,96.96%,97.52%,98.46%,4859,4882,6696,8593,0,0,0,0,13.55%,12.09%,11.13%,7.97%,1333,1147,1807,2058
