ASIN,Brand Name,List Price($)(11/23/2025-11/30/2025),Product GMS($)(11/23/2025-11/30/2025),ASP(11/23/2025-11/30/2025),CM(11/23/2025-11/30/2025)(%),CP($)(11/23/2025-11/30/2025),Net PPM(11/23/2025-11/30/2025)(%),GV(11/23/2025-11/30/2025),SoROOS(%)(11/23/2025-11/30/2025)(%),Vendor Confirmation Rate - Sourceable(11/23/2025-11/30/2025)(%),Fill Rate - Sourceable(11/23/2025-11/30/2025)(%),SELLABLE_ON_HAND_UNITS(11/23/2025-11/30/2025),Total GMM($)(11/23/2025-11/30/2025),Net Receipts($)(11/23/2025-11/30/2025),Net Receipts (Units)(11/23/2025-11/30/2025),CCOGS As A % Of PCOGS(11/23/2025-11/30/2025)(%),PPM(11/23/2025-11/30/2025)(%),External Box Price Competitiveness (% Of GV)(11/23/2025-11/30/2025)(%),Amzn GV(11/23/2025-11/30/2025),Customer Returns($)(11/23/2025-11/30/2025),Daily SoRoos%(11/23/2025-11/30/2025)(%),Net Ordered Units(11/23/2025-11/30/2025)
B015Y1GLK2,Tilda,21.28,20563.00,8.54,(5.63)%,-1147.48,23.21%,4770,0.00%,0.00%,0.00%,29842,0.00,0.00,0.00,63.68%,(107.56)%,79.03%,4704,0,0.00%,2540
B07P75SDV2,UNKNOWN,8.71,1093.62,3.99,(129.46)%,-1058.67,(5.44)%,322,0.00%,65.75%,101.14%,2153,0.00,1163.06,192.00,31.12%,(51.77)%,93.21%,317,0,0.00%,311
B07P6YJPPG,Afia,38.32,904.78,31.20,(5.34)%,-46.92,14.63%,111,0.00%,100.00%,97.30%,696,0.00,0.00,0.00,11.29%,4.47%,98.95%,110,0,0.00%,26
B07G9KXXSN,TILDA,44.03,834.83,18.15,(29.04)%,-244.51,(9.56)%,252,15.48%,100.00%,40.96%,57,0.00,0.00,0.00,42.01%,(87.89)%,100.00%,211,0,15.48%,38
B07NF7MFKX,Tetley,10.54,628.07,6.41,(60.39)%,-378.89,(34.43)%,70,0.00%,100.00%,100.00%,399,0.00,0.00,0.00,11.23%,(50.04)%,100.00%,69,0,0.00%,98
B07NF847QH,TILDA,10.63,505.48,4.77,41.39%,209.01,76.61%,697,0.00%,0.00%,0.00%,12741,0.00,17155.48,2066.00,86.94%,(74.13)%,61.16%,683,0,0.00%,104
B07MV32JLH,Afia,40.69,428.00,30.57,(13.64)%,-57.48,3.20%,171,32.16%,100.00%,122.78%,197,0.00,553.31,17.00,10.55%,(6.47)%,100.00%,116,0,32.16%,31
B0DT61H872,TATA GLOBAL BEVeRAGES,6.18,357.72,2.93,(31.85)%,-117.38,18.29%,434,3.46%,100.00%,100.00%,1416,0.00,1481.75,337.00,45.90%,(49.95)%,0.00%,412,0,3.46%,109
B0D2P6KRB1,Tata Soulfull,0.00,300.02,2.59,(38.81)%,-113.61,17.82%,389,6.17%,100.00%,93.35%,986,0.00,1161.03,278.00,51.25%,(61.47)%,79.29%,366,0,6.17%,106
B08GD1Z9PS,Tata,11.37,293.88,9.48,8.94%,26.80,27.89%,46,0.00%,100.00%,100.00%,693,0.00,534.26,65.00,16.24%,13.30%,0.00%,45,0,0.00%,31
B005LLZ3QY,Tetley,7.00,293.22,3.91,(80.80)%,-233.36,(33.21)%,109,0.00%,90.45%,85.93%,916,0.00,99.74,17.00,11.25%,(50.07)%,100.00%,108,0,0.00%,80
B07FD6XPLF,Wella Koleston,5.64,278.74,2.58,71.77%,201.01,113.55%,254,0.00%,100.00%,100.00%,1014,0.00,95.85,18.00,106.94%,(106.33)%,49.59%,252,0,0.00%,107
B015J4YNNG,TETLEY,0.00,247.26,6.51,(2.12)%,-5.36,23.56%,59,0.00%,100.00%,125.00%,1915,0.00,674.71,115.00,15.81%,9.83%,100.00%,59,0,0.00%,39
B00MWVY52O,TILDA,9.15,226.02,8.69,8.24%,18.36,25.16%,51,0.00%,100.00%,0.00%,655,0.00,119.37,15.00,22.26%,8.46%,69.39%,49,0,0.00%,26
B00NRML2UK,Dilmah,1.90,172.92,7.86,(17.63)%,-31.84,14.04%,60,15.00%,100.00%,100.00%,115,0.00,0.00,0.00,33.68%,(29.62)%,52.94%,51,0,15.00%,26
B01285C2BY,TILDA,4.85,164.57,2.57,(48.02)%,-82.85,12.79%,318,0.00%,0.00%,0.00%,6539,0.00,932.60,221.00,47.19%,(64.11)%,72.43%,312,0,0.00%,65
B083VKDQ3P,TATA,8.13,149.03,3.24,(19.13)%,-29.13,21.47%,148,0.00%,100.00%,98.61%,1691,0.00,1142.16,380.00,15.88%,7.23%,61.43%,144,0,0.00%,44
B07HNSPY84,Dilmah,6.77,138.08,4.45,(11.47)%,-16.07,28.95%,60,0.00%,100.00%,100.00%,324,0.00,0.00,0.00,53.04%,(53.42)%,0.00%,60,0,0.00%,33
B00LQO3FUQ,Tata,0.88,125.03,0.59,(208.65)%,-296.30,0.83%,296,0.34%,7.72%,2.84%,3477,0.00,445.91,694.00,11.24%,(8.43)%,73.26%,284,0,0.34%,237
B07P76G5DQ,American Classic,2.82,124.25,2.64,(30.70)%,-39.36,22.91%,197,0.00%,0.00%,0.00%,1129,0.00,0.00,0.00,18.50%,7.31%,24.74%,191,0,0.00%,45
B00Y09JC24,Ching's,2.06,122.37,1.85,(70.57)%,-92.77,15.43%,151,0.00%,100.00%,100.00%,885,0.00,125.85,72.00,16.25%,5.73%,18.85%,143,0,0.00%,80
B07G9L7NL2,TILDA,4.85,117.61,4.36,(8.03)%,-9.35,21.68%,62,0.00%,100.00%,64.56%,2174,0.00,734.27,174.00,22.20%,3.13%,20.00%,60,0,0.00%,27
B07PCF1NF9,UNKNOWN,3.75,114.23,2.72,(39.36)%,-44.95,16.10%,46,2.17%,76.67%,100.00%,225,0.00,216.78,81.00,18.98%,1.60%,56.76%,45,0,2.17%,42
B07PKCQ275,Afia,4.33,111.14,3.37,(15.73)%,-17.10,19.35%,149,3.36%,100.00%,100.00%,4891,0.00,0.00,0.00,31.37%,(11.40)%,66.67%,107,0,3.36%,29
B000Z4MHNE,French's,2.85,96.05,3.10,(33.24)%,-33.24,14.94%,22,0.00%,0.00%,0.00%,493,0.00,0.00,0.00,21.50%,(6.50)%,100.00%,22,0,0.00%,31
B0C62GCJ68,TATA,7.39,90.56,3.77,(38.41)%,-36.30,20.66%,218,73.85%,100.00%,96.52%,365,0.00,1556.54,275.00,46.26%,(50.00)%,100.00%,213,0,73.85%,39
B083VKPXV2,Sultan,12.10,90.29,10.03,0.84%,0.77,28.70%,27,0.00%,100.00%,100.00%,36,0.00,0.00,0.00,11.33%,19.89%,0.00%,27,0,0.00%,6
B001QBX8BU,Tetley,25.06,79.98,1.67,(135.67)%,-92.80,(34.07)%,46,56.52%,100.00%,100.00%,94,0.00,29.99,12.00,11.27%,(50.00)%,0.00%,46,0,56.52%,51
B00L2ZKHOG,American Garden,5.90,78.94,5.64,(26.35)%,-21.29,19.46%,139,7.19%,0.00%,0.00%,74,0.00,0.00,0.00,14.76%,8.93%,37.37%,122,0,7.19%,18
B0C62CMRMF,TATA,0.85,78.90,3.94,(21.85)%,-18.06,19.84%,82,20.73%,100.00%,93.69%,77,0.00,396.38,67.00,46.24%,(49.97)%,100.00%,48,0,20.73%,20
B07G9D3B8F,TILDA,5.68,75.27,3.27,(25.71)%,-19.81,19.26%,98,0.00%,100.00%,100.00%,355,0.00,610.54,128.00,47.15%,(45.76)%,65.26%,95,0,0.00%,23
B083VKRTPS,TATA,10.09,71.70,3.77,(39.82)%,-28.84,2.83%,65,0.00%,100.00%,100.00%,1337,0.00,631.00,148.00,16.22%,(12.98)%,81.67%,64,0,0.00%,21
B0749NNYF5,Ching's Secret,2.44,70.89,1.92,(63.46)%,-44.79,13.26%,57,0.00%,100.00%,100.00%,1278,0.00,176.73,93.00,15.79%,0.82%,0.00%,57,0,0.00%,39
B00L2ZL28G,American Garden,5.83,66.91,5.58,0.16%,0.11,24.42%,52,0.00%,100.00%,0.00%,402,0.00,60.90,12.00,16.96%,8.98%,34.09%,52,0,0.00%,8
B083VKRS2P,TILDA,11.18,64.42,6.44,(2.47)%,-1.61,23.08%,22,0.00%,0.00%,0.00%,99,0.00,56.32,6.00,47.22%,(45.73)%,100.00%,22,0,0.00%,11
B0847NQFB6,Al Osra,1.76,63.51,1.76,(32.31)%,-20.88,34.20%,81,0.00%,100.00%,100.00%,1331,0.00,0.00,0.00,16.26%,26.70%,0.00%,81,0,0.00%,39
B072BZJJN7,Splenda,5.56,60.92,5.54,8.56%,5.18,35.11%,20,0.00%,0.00%,0.00%,103,0.00,46.82,12.00,11.24%,29.55%,0.00%,20,0,0.00%,11
B08C1BXHZT,Sun Vita,5.71,60.28,4.02,(238.76)%,-53.35,31.01%,46,0.00%,30.36%,100.00%,534,0.00,124.91,41.00,11.19%,24.19%,50.00%,46,0,0.00%,15
B07P68FGXQ,American Garden,1.27,59.59,1.24,(54.77)%,-33.35,23.73%,40,0.00%,100.00%,0.00%,1844,0.00,0.00,0.00,18.11%,10.75%,20.00%,38,0,0.00%,54
B091VQBBGW,American Garden,5.64,56.97,3.35,(57.54)%,-28.70,(5.70)%,77,9.09%,100.00%,100.00%,49,0.00,190.71,43.00,32.90%,(32.33)%,84.21%,36,0,9.09%,15
B07NF7MR14,Tetley,6.81,52.52,5.25,(11.23)%,-5.98,20.97%,34,0.00%,100.00%,100.00%,1060,0.00,0.00,0.00,16.24%,5.65%,59.26%,32,0,0.00%,12
B088FH4VG8,UNKNOWN,4.86,51.92,5.77,(2.53)%,-1.24,31.96%,23,0.00%,100.00%,100.00%,621,0.00,197.85,48.00,16.21%,28.55%,0.00%,21,0,0.00%,9
B00L2ZL0YW,American Garden,3.89,50.02,2.63,(59.90)%,-23.44,15.51%,74,5.41%,100.00%,100.00%,140,0.00,199.66,59.00,38.78%,(28.54)%,65.85%,41,0,5.41%,20
B00Q6I22DI,American Garden,3.45,49.57,2.36,(51.37)%,-27.53,19.61%,149,0.00%,100.00%,65.71%,679,0.00,155.87,52.00,38.78%,(26.99)%,32.65%,147,0,0.00%,21
B083VK2HQH,Tetley,4.37,43.70,4.37,(2.18)%,-0.94,30.36%,44,0.00%,100.00%,100.00%,347,0.00,37.30,13.00,0.00%,34.33%,0.00%,40,0,0.00%,11
B00GB8Y30S,Ching's Secret,2.24,42.76,2.04,(52.02)%,-22.11,16.84%,59,0.00%,100.00%,100.00%,444,0.00,100.72,53.00,16.22%,6.67%,50.00%,59,0,0.00%,20
B07MTXFYB3,Crunchos,7.43,42.60,5.33,9.89%,4.36,30.26%,11,0.00%,0.00%,0.00%,92,0.00,0.00,0.00,39.46%,(18.10)%,81.82%,11,0,0.00%,8
B00L2ZLGQE,American Garden,3.89,41.36,3.76,(23.98)%,-10.03,23.54%,112,0.00%,100.00%,75.00%,314,0.00,121.83,36.00,17.07%,9.99%,30.93%,111,0,0.00%,11
B07P68FH59,American Garden,2.75,40.97,1.86,(59.88)%,-24.65,18.26%,48,2.08%,100.00%,50.00%,121,0.00,172.30,72.00,38.78%,(28.51)%,66.67%,32,0,2.08%,20
B07P8QBGF6,Eminence,1.55,40.18,0.98,(133.76)%,-59.26,(7.16)%,301,0.00%,100.00%,88.30%,1593,0.00,419.54,335.00,16.70%,(27.80)%,30.00%,282,0,0.00%,42
B00L2ZKSWM,American Garden,4.09,39.92,3.63,(23.74)%,-9.72,12.35%,96,1.04%,0.00%,0.00%,474,0.00,128.10,36.00,11.77%,1.95%,39.47%,93,0,1.04%,11
B0DBR4V7W7,TATA,0.00,38.57,3.51,(28.51)%,-11.51,23.84%,27,11.11%,100.00%,100.00%,123,0.00,127.41,40.00,16.25%,9.16%,0.00%,21,0,11.11%,9
B07HFCZMBW,American Garden,5.83,38.02,5.43,(8.55)%,-3.29,21.61%,16,75.00%,100.00%,60.00%,15,0.00,20.30,4.00,16.10%,6.57%,80.00%,14,0,75.00%,2
B01C4L6IIK,Lotte,3.85,37.64,3.42,(5.71)%,-2.08,42.91%,80,1.25%,100.00%,0.00%,256,0.00,0.00,0.00,38.27%,10.10%,0.00%,78,0,1.25%,11
B083VKML26,Tetley,6.08,37.56,5.37,(24.46)%,-9.20,10.31%,21,0.00%,0.00%,0.00%,194,0.00,0.00,0.00,11.21%,1.07%,77.78%,21,0,0.00%,8
B07NF78ZBY,Tetley,0.00,36.97,9.24,(44.56)%,-12.49,15.12%,17,23.53%,100.00%,0.00%,108,0.00,0.00,0.00,11.33%,5.66%,68.75%,16,0,23.53%,5
B00L2ZKM0K,American Garden,3.62,34.21,2.85,(31.12)%,-10.49,16.95%,54,11.11%,100.00%,100.00%,79,0.00,226.80,72.00,28.78%,(10.51)%,66.67%,26,0,11.11%,12
B07576C6TY,Chings Secret,2.34,34.08,1.62,(92.32)%,-31.79,(9.60)%,32,0.00%,0.00%,0.00%,544,0.00,240.45,96.00,16.21%,(21.95)%,40.91%,32,0,0.00%,21
B083VKML59,American Garden,1.64,33.96,1.54,(39.07)%,-12.89,18.72%,9,0.00%,0.00%,0.00%,252,0.00,85.76,60.00,18.50%,7.41%,37.50%,8,0,0.00%,12
B083VKDQ5R,American Garden,3.08,33.93,3.08,(9.00)%,-3.04,26.69%,13,23.08%,0.00%,0.00%,43,0.00,0.00,0.00,18.78%,12.97%,0.00%,13,0,23.08%,11
B01FMA8PRW,foster clark's,1.22,33.26,1.75,(88.97)%,-28.83,26.84%,290,0.69%,100.00%,100.00%,145,0.00,93.11,72.00,13.96%,15.69%,21.05%,282,0,0.69%,17
B07NF6MPF7,American Garden,2.01,33.05,1.94,(44.87)%,-15.53,26.31%,17,0.00%,0.00%,0.00%,664,0.00,42.01,24.00,18.50%,9.94%,50.00%,16,0,0.00%,21
B009B1L17K,Al Osra,1.61,32.82,1.49,(70.72)%,-23.27,11.26%,61,0.00%,56.18%,82.00%,819,0.00,204.45,149.00,8.68%,8.03%,32.61%,61,0,0.00%,22
B00FHD9Y5W,Chings Secret,3.18,32.40,1.30,(157.86)%,-52.20,(77.16)%,60,0.00%,100.00%,100.00%,2234,0.00,390.33,135.00,16.29%,(109.45)%,75.00%,0,0,0.00%,21
B0D2P5HXT1,Tata Soulfull,0.00,31.70,4.53,(26.74)%,-9.33,26.38%,103,0.00%,100.00%,91.89%,364,0.00,108.59,26.00,16.25%,7.76%,42.11%,99,0,0.00%,7
B00L2ZKGHE,American Garden,5.37,31.16,4.45,(25.54)%,-8.28,21.03%,32,15.63%,40.00%,0.00%,144,0.00,167.99,36.00,24.67%,(4.83)%,44.44%,15,0,15.63%,7
B07NF7VR7Y,American Garden,4.20,30.60,3.83,(35.16)%,-11.32,23.25%,14,0.00%,100.00%,95.83%,266,0.00,306.68,84.00,18.78%,4.56%,78.57%,14,0,0.00%,9
B083VKKHVC,Tata Global Beverages,3.27,29.59,2.47,(55.25)%,-17.24,15.05%,23,0.00%,100.00%,100.00%,245,0.00,61.19,25.00,14.07%,0.75%,58.82%,22,0,0.00%,12
B005FBKVZ8,Dilmah,4.98,28.62,4.77,(45.39)%,-11.45,16.83%,24,95.83%,100.00%,100.00%,24,0.00,0.00,0.00,42.26%,(15.18)%,100.00%,1,0,95.83%,4
B00R2UOFWU,Dilmah,9.86,28.12,9.37,4.97%,1.34,29.87%,56,0.00%,100.00%,0.00%,48,0.00,0.00,0.00,24.00%,16.50%,87.50%,54,0,0.00%,5
B07NF942SP,American Garden,3.35,26.98,2.45,(38.52)%,-10.62,21.29%,55,0.00%,100.00%,66.67%,462,0.00,104.97,36.00,33.78%,(18.87)%,100.00%,0,0,0.00%,11
B0058MKHIU,TILDA,3.44,25.94,3.71,1.82%,0.46,32.78%,18,0.00%,0.00%,0.00%,531,0.00,125.78,42.00,22.15%,19.18%,50.00%,17,0,0.00%,7
B083VL3R3L,Tetley,6.08,24.34,6.08,(8.93)%,-2.36,22.51%,11,0.00%,0.00%,0.00%,491,0.00,0.00,0.00,11.19%,12.75%,0.00%,10,0,0.00%,4
B07P68FLFY,American Garden,7.04,23.82,4.76,(29.67)%,-5.31,21.29%,60,6.67%,100.00%,75.00%,145,0.00,73.51,12.00,38.78%,(28.57)%,48.39%,26,0,6.67%,6
B008IJ9XRQ,American Garden,5.24,22.79,4.56,(20.38)%,-4.77,18.78%,25,0.00%,0.00%,0.00%,39,0.00,0.00,0.00,18.78%,0.00%,0.00%,25,0,0.00%,5
B07N1QW1L4,Splenda,5.46,21.68,5.42,3.73%,0.89,36.02%,14,0.00%,0.00%,0.00%,108,0.00,0.00,0.00,8.50%,30.07%,0.00%,14,0,0.00%,4
B01JAY1OWY,Chings Secret,1.33,20.70,1.59,(85.86)%,-19.22,36.71%,37,40.54%,100.00%,100.00%,350,0.00,287.60,169.00,16.18%,28.89%,0.00%,37,0,40.54%,14
B00OD85QW2,UNKNOWN,1.36,20.69,1.03,(92.88)%,-19.61,15.58%,33,51.52%,100.00%,100.00%,50,0.00,0.00,0.00,11.24%,9.74%,25.00%,33,0,51.52%,24
B00A0BDB4G,American Garden,2.30,20.51,2.28,(34.68)%,-6.59,17.82%,6,0.00%,0.00%,0.00%,235,0.00,0.00,0.00,18.50%,12.07%,0.00%,6,0,0.00%,7
B083VK2HQM,TATA,4.23,20.24,2.89,(101.40)%,-21.11,(24.62)%,42,0.00%,100.00%,100.00%,265,0.00,162.01,38.00,16.20%,(47.42)%,100.00%,40,0,0.00%,8
B083VKGY29,Tata,8.88,20.10,3.35,(0.99)%,-0.17,24.25%,15,0.00%,0.00%,0.00%,754,0.00,117.22,39.00,16.27%,10.27%,20.00%,15,0,0.00%,6
B07J3WYR89,Dilmah,3.74,19.46,2.16,(45.81)%,-9.61,28.01%,25,0.00%,100.00%,100.00%,134,0.00,0.00,0.00,39.00%,(18.01)%,0.00%,25,0,0.00%,9
B0C8BBWN4X,Ching's,4.39,19.45,4.86,(13.50)%,-2.73,35.81%,14,0.00%,0.00%,0.00%,91,0.00,0.00,0.00,16.26%,23.35%,0.00%,14,0,0.00%,4
B08ZQF4KQJ,Afia,40.39,18.93,18.93,31.36%,6.31,58.58%,21,0.00%,0.00%,0.00%,381,0.00,0.00,0.00,11.26%,46.23%,43.75%,21,0,0.00%,1
B09CWX9NDP,UNKNOWN,2.24,18.77,4.69,37.29%,7.08,66.10%,35,0.00%,100.00%,100.00%,1304,0.00,81.71,43.00,16.27%,59.51%,100.00%,35,0,0.00%,3
B07HFFC729,American Garden,4.83,18.57,4.64,1.90%,0.35,23.75%,18,0.00%,0.00%,0.00%,18,0.00,0.00,0.00,18.50%,9.50%,100.00%,18,0,0.00%,4
B083VKCLGR,Tetley,5.05,17.23,3.45,(41.07)%,-7.60,22.07%,6,0.00%,100.00%,100.00%,258,0.00,176.42,54.00,16.24%,5.21%,50.00%,6,0,0.00%,5
B07PH3ZW8T,American Garden,6.37,16.27,5.42,(200.11)%,-12.42,(15.13)%,18,0.00%,0.00%,0.00%,88,0.00,0.00,0.00,18.50%,(2.21)%,66.67%,12,0,0.00%,3
B0BF72D275,DIAMOND دايموند,18.61,15.42,15.42,1.75%,0.28,22.44%,7,0.00%,0.00%,0.00%,24,0.00,0.00,0.00,11.26%,12.61%,0.00%,7,0,0.00%,1
B083VKRS1R,Al Rifai,4.75,15.29,3.82,(11.67)%,-1.79,32.05%,0,0.00%,0.00%,0.00%,9,0.00,0.00,0.00,31.22%,6.62%,0.00%,0,0,0.00%,4
B07PFYFQPJ,American Garden,2.08,15.17,1.90,(29.47)%,-4.70,23.32%,20,0.00%,100.00%,100.00%,859,0.00,43.39,24.00,18.78%,4.67%,100.00%,0,0,0.00%,8
B087GL22N1,Diamond,16.39,14.91,14.91,(12.00)%,-1.84,17.19%,7,100.00%,100.00%,100.00%,0,0.00,0.00,0.00,11.40%,6.54%,100.00%,7,0,100.00%,0
B083VKDMJ8,American Garden,2.91,14.57,2.91,(30.56)%,-4.62,30.17%,14,64.29%,0.00%,0.00%,21,0.00,31.54,13.00,18.50%,16.73%,0.00%,14,0,64.29%,5
B083VKZNZQ,American Garden,1.89,14.53,1.82,(38.24)%,-5.55,21.89%,6,0.00%,0.00%,0.00%,370,0.00,39.47,24.00,18.50%,9.45%,16.67%,6,0,0.00%,8
B083VK8HZK,Tetley,3.27,14.35,2.87,(53.11)%,-8.08,9.21%,15,20.00%,100.00%,100.00%,7,0.00,0.00,0.00,8.00%,0.00%,0.00%,14,0,20.00%,5
B07PSC37XV,American Garden,4.68,14.11,3.53,(83.16)%,-12.19,(19.14)%,20,5.00%,0.00%,0.00%,125,0.00,0.00,0.00,0.00%,(15.48)%,90.00%,20,0,5.00%,4
B07PCDZ634,American Garden,3.76,14.00,3.50,(52.19)%,-7.82,22.82%,13,15.38%,0.00%,0.00%,7,0.00,0.00,0.00,18.78%,6.53%,57.14%,12,0,15.38%,4
B07PHYKW9T,American Garden,6.44,13.07,4.36,(15.43)%,-2.08,21.29%,32,0.00%,100.00%,60.00%,102,0.00,168.01,30.00,38.78%,(28.56)%,37.50%,19,0,0.00%,3
B07FYM8FB2,Dilmah,2.57,12.95,2.16,(14.02)%,-1.79,24.50%,25,0.00%,100.00%,100.00%,111,0.00,0.00,0.00,39.00%,(18.16)%,0.00%,25,0,0.00%,6
B00L28D0QU,American Garden,3.15,12.71,3.18,(35.45)%,-4.62,21.96%,152,49.34%,100.00%,102.47%,443,0.00,839.37,313.00,13.87%,13.71%,64.29%,138,0,49.34%,15
B07NF825YZ,Al Rifai,6.87,12.45,6.22,(20.46)%,-2.66,21.63%,2,0.00%,0.00%,0.00%,395,0.00,0.00,0.00,5.61%,16.97%,100.00%,2,0,0.00%,2
B079H7W8TZ,Ching's Secret,1.28,12.25,1.36,(33.00)%,-4.07,41.35%,15,73.33%,100.00%,100.00%,1,0.00,0.00,0.00,16.39%,35.40%,84.62%,13,0,73.33%,6
B07P76HLLL,American Garden,6.29,11.92,5.96,(23.05)%,-2.83,25.46%,16,0.00%,0.00%,0.00%,130,0.00,0.00,0.00,18.78%,8.22%,14.29%,16,0,0.00%,2
B00A3KSCXY,Al Rifai,6.88,11.75,5.88,(0.44)%,-0.05,21.85%,6,0.00%,0.00%,0.00%,384,0.00,0.00,0.00,11.19%,12.00%,40.00%,5,0,0.00%,2
B07575VD7D,Chings,1.15,11.54,1.28,(98.33)%,-11.70,19.85%,12,0.00%,0.00%,0.00%,200,0.00,33.00,30.00,16.21%,14.23%,100.00%,12,0,0.00%,8
B083VKQWPQ,American Garden,6.44,11.38,5.69,(36.20)%,-4.24,1.58%,17,70.59%,0.00%,0.00%,381,0.00,0.00,0.00,0.00%,1.58%,100.00%,16,0,70.59%,7
B07NF7LF35,American Garden,2.28,11.03,2.21,(26.75)%,-2.80,21.91%,34,41.18%,100.00%,100.00%,110,0.00,59.54,30.00,18.78%,10.00%,68.97%,31,0,41.18%,5
B0756YP6QK,Ching's Secret,1.37,10.94,1.09,(108.49)%,-12.33,8.92%,10,0.00%,0.00%,0.00%,51,0.00,5.66,5.00,16.19%,(3.48)%,100.00%,10,0,0.00%,10
B0DT63965V,TATA GLOBAL BEVeRAGES,6.22,10.54,5.27,(16.76)%,-1.81,30.40%,8,0.00%,100.00%,25.00%,16,0.00,0.00,0.00,16.40%,16.74%,0.00%,8,0,0.00%,2
B00L305VAU,American Garden,1.14,10.26,1.28,(82.64)%,-6.84,12.01%,10,0.00%,0.00%,0.00%,332,0.00,47.57,48.00,18.50%,22.72%,40.00%,10,0,0.00%,8
B07NF5Y85R,American Garden,3.56,10.07,3.36,(83.57)%,-6.42,25.52%,32,75.00%,100.00%,0.00%,4,0.00,0.00,0.00,18.78%,7.87%,92.86%,32,0,75.00%,2
B07G8CWVGD,American Garden,5.46,9.98,4.99,(5.66)%,-0.70,20.21%,10,0.00%,0.00%,0.00%,93,0.00,0.00,0.00,18.78%,4.86%,60.00%,10,0,0.00%,2
B01AERH4WU,American Garden,1.81,9.77,1.63,(54.24)%,-5.45,22.38%,13,0.00%,100.00%,97.83%,276,0.00,22.07,14.00,18.78%,3.23%,100.00%,0,0,0.00%,4
B0DDCMJ6TT,Chings,0.00,9.46,1.89,(42.57)%,-4.22,13.48%,7,0.00%,100.00%,200.00%,320,0.00,33.28,17.00,16.20%,(3.45)%,0.00%,7,0,0.00%,5
B07P9G9RTZ,American Garden,6.44,9.44,4.72,(54.82)%,-5.36,15.54%,18,0.00%,100.00%,100.00%,200,0.00,134.41,24.00,28.78%,(18.59)%,72.73%,11,0,0.00%,11
B00BGV94SG,UNKNOWN,1.22,9.28,1.55,(48.73)%,-4.88,44.01%,37,0.00%,100.00%,100.00%,318,0.00,76.56,74.00,16.26%,33.14%,72.22%,37,0,0.00%,6
B00L28CX1I,American Garden,4.87,8.95,4.47,(72.94)%,-6.97,20.62%,29,0.00%,100.00%,100.00%,175,0.00,21.18,5.00,18.78%,5.30%,37.04%,27,0,0.00%,2
B083VK1XBB,American Garden,10.18,8.87,8.87,(10.45)%,-0.96,18.88%,35,74.29%,0.00%,0.00%,7,0.00,0.00,0.00,18.78%,0.12%,100.00%,30,0,74.29%,3
B0CZLC4GSB,Ching's Secret,0.00,8.80,4.40,(17.24)%,-1.58,37.41%,7,100.00%,100.00%,100.00%,12,0.00,6.57,2.00,16.20%,25.31%,0.00%,7,0,100.00%,1
B00XW5AV18,Ching's Secret,1.37,8.76,1.09,(86.07)%,-8.01,13.13%,29,6.90%,100.00%,80.00%,356,0.00,27.18,24.00,16.20%,(3.48)%,56.52%,26,0,6.90%,9
B083VKYVD9,TATA,2.94,8.60,2.15,(49.45)%,-3.88,2.62%,9,0.00%,100.00%,100.00%,476,0.00,182.62,82.00,16.19%,(3.54)%,0.00%,0,0,0.00%,4
B07NF86HPC,American Garden,2.08,8.30,2.07,(44.37)%,-3.11,27.63%,7,0.00%,0.00%,0.00%,166,0.00,0.00,0.00,18.50%,12.73%,50.00%,6,0,0.00%,4
B00L2ZKXO0,American Garden,2.91,7.97,2.66,(18.70)%,-1.57,22.69%,15,0.00%,0.00%,0.00%,66,0.00,0.00,0.00,18.78%,4.82%,12.50%,15,0,0.00%,3
B083VK9J27,American Garden,2.94,7.78,2.59,(48.66)%,-3.84,18.21%,4,0.00%,0.00%,0.00%,46,0.00,0.00,0.00,18.78%,1.37%,0.00%,4,0,0.00%,3
B08296B566,Ching's Secret,1.84,7.78,1.94,(58.01)%,-4.63,21.35%,22,0.00%,0.00%,0.00%,661,0.00,39.60,24.00,12.15%,15.13%,100.00%,21,0,0.00%,4
B08C192WMP,Al Arabi,12.06,7.64,7.64,(19.03)%,-1.47,6.55%,9,0.00%,0.00%,0.00%,79,0.00,0.00,0.00,11.20%,(5.24)%,100.00%,9,0,0.00%,1
B079GXSQC4,UNKNOWN,1.30,7.25,1.21,(132.29)%,-11.68,27.38%,4,25.00%,100.00%,100.00%,234,0.00,65.99,60.00,16.23%,9.01%,100.00%,0,0,25.00%,2
B07NF8RTS4,Al Rifai,6.88,7.06,7.06,(1.25)%,-0.09,26.82%,6,100.00%,0.00%,0.00%,319,0.00,0.00,0.00,0.00%,26.82%,100.00%,3,0,100.00%,0
B083VKML6B,Al Rifai,8.99,7.06,7.06,(12.48)%,-0.88,15.29%,1,100.00%,0.00%,0.00%,0,0.00,0.00,0.00,11.40%,4.39%,100.00%,1,0,100.00%,0
B002DPXWBE,UNKNOWN,0.39,6.76,0.38,(257.90)%,-20.07,26.47%,4,0.00%,0.00%,0.00%,616,0.00,0.00,0.00,16.20%,12.25%,0.00%,4,0,0.00%,10
B07P83LFGN,Afia,4.80,6.74,3.37,(70.07)%,-5.02,18.73%,12,25.00%,100.00%,100.00%,28,0.00,0.00,0.00,11.22%,11.23%,44.44%,12,0,25.00%,1
B079H7X84W,Ching's Secret,0.00,6.58,0.51,(268.54)%,-20.50,(71.95)%,36,5.56%,100.00%,96.15%,445,0.00,63.11,61.00,16.22%,(104.30)%,25.00%,0,0,5.56%,18
B079H3CX14,Ching's Secret,1.37,6.57,1.09,(126.40)%,-8.84,9.01%,62,0.00%,100.00%,100.00%,1238,0.00,90.61,80.00,16.20%,(3.48)%,30.00%,61,0,0.00%,11
B0DDCPPZK1,Ching's Secret,0.00,6.57,1.09,(112.33)%,-7.66,13.33%,5,0.00%,100.00%,100.00%,401,0.00,79.28,70.00,16.25%,(3.48)%,0.00%,0,0,0.00%,6
B07576C7T7,UNKNOWN,1.30,6.41,1.28,(66.60)%,-4.29,23.05%,0,0.00%,0.00%,0.00%,321,0.00,52.80,48.00,16.18%,14.23%,0.00%,0,0,0.00%,0
B083VKRTVV,TATA,6.30,6.30,6.30,(0.57)%,-0.04,37.63%,13,0.00%,0.00%,0.00%,223,0.00,65.67,14.00,16.20%,25.57%,0.00%,9,0,0.00%,1
B083VKVWG6,Al Rifai,8.02,6.23,6.23,5.36%,0.34,14.38%,2,0.00%,0.00%,0.00%,0,0.00,0.00,0.00,11.40%,3.36%,0.00%,2,0,0.00%,1
B0B8DLJMK1,American Garden,6.44,5.90,5.90,(0.68)%,-0.04,22.90%,28,32.14%,0.00%,0.00%,323,0.00,28.00,5.00,18.78%,5.08%,100.00%,28,0,32.14%,1
B081YZ6N84,Ching's Secret,1.84,5.83,1.94,(84.48)%,-5.33,28.88%,2,100.00%,100.00%,100.00%,94,0.00,44.55,27.00,16.21%,15.13%,0.00%,0,0,100.00%,0
B07575JWZV,Ching's Secret,1.55,5.67,1.42,(76.58)%,-4.45,18.44%,17,0.00%,100.00%,100.00%,342,0.00,23.33,18.00,16.26%,8.51%,0.00%,17,0,0.00%,4
B08WXSNHL3,Ching's Secret,1.33,5.47,1.09,(147.16)%,-8.57,8.46%,8,25.00%,100.00%,100.00%,21,0.00,0.00,0.00,16.21%,(3.48)%,0.00%,8,0,25.00%,5
B00L2ZKJ3A,American Garden,3.22,5.06,2.53,(49.85)%,-2.68,21.28%,20,0.00%,100.00%,100.00%,719,0.00,0.00,0.00,28.78%,(10.54)%,100.00%,0,0,0.00%,2
B0B8GMD5W2,Kannan Devan,7.94,4.82,4.82,(7.63)%,-0.37,20.93%,57,0.00%,100.00%,100.00%,960,0.00,636.91,140.00,16.20%,5.65%,23.40%,56,0,0.00%,1
B075733JWC,Chings,1.30,4.73,1.58,(80.35)%,-3.43,32.62%,10,0.00%,0.00%,0.00%,79,0.00,7.70,7.00,10.78%,30.22%,0.00%,8,0,0.00%,3
B083VKRRWG,TATA,2.93,4.30,2.15,(88.08)%,-4.10,13.21%,11,0.00%,100.00%,100.00%,352,0.00,171.48,77.00,16.18%,(3.54)%,100.00%,0,0,0.00%,2
B00L28CNI6,American Garden,4.43,3.95,3.95,(16.53)%,-0.63,14.71%,15,33.33%,100.00%,100.00%,189,0.00,57.74,15.00,18.78%,2.62%,75.00%,13,0,33.33%,1
B004GP00PU,American Garden,3.85,3.76,3.76,3.98%,0.14,22.59%,62,33.87%,100.00%,100.00%,149,0.00,200.92,60.00,18.78%,10.93%,72.50%,57,0,33.87%,3
B01E5RZPPI,Foster Clarks,1.84,3.50,1.75,(87.54)%,-3.50,8.92%,91,74.73%,0.00%,0.00%,0,0.00,0.00,0.00,11.40%,(2.80)%,93.24%,87,0,74.73%,4
B083VKNDBM,Foster Clarks,2.85,3.36,3.36,"(1,498.18)%",-5.63,19.84%,8,12.50%,0.00%,0.00%,6,0.00,0.00,0.00,16.16%,4.38%,60.00%,7,0,12.50%,3
B00L28D96Q,American Garden,3.56,3.24,3.24,(85.77)%,-2.89,(0.50)%,55,43.64%,100.00%,97.40%,74,0.00,131.03,47.00,0.00%,4.54%,96.55%,40,0,43.64%,3
B01CEI7ZF8,American Garden,3.42,3.24,3.24,(60.21)%,-2.18,25.40%,22,0.00%,100.00%,100.00%,186,0.00,20.83,7.00,18.78%,8.15%,4.76%,22,0,0.00%,1
B07P8BSM8D,American Garden,4.43,3.18,3.18,(5.20)%,-0.17,30.34%,19,26.32%,100.00%,100.00%,223,0.00,90.46,25.00,38.78%,(13.78)%,100.00%,11,0,26.32%,1
B01L1DRF70,UNKNOWN,3.47,3.18,3.18,(58.08)%,-1.94,(0.77)%,17,64.71%,100.00%,100.00%,179,0.00,33.45,12.00,0.00%,4.88%,86.67%,17,0,64.71%,1
B07576B8PN,Ching's Secret,0.34,3.16,0.45,(339.19)%,-15.24,35.23%,9,11.11%,0.00%,0.00%,196,0.00,10.87,33.00,16.23%,27.11%,0.00%,9,0,11.11%,7
B01CEHAE20,American Garden,3.42,3.08,3.08,(81.13)%,-2.72,3.53%,22,50.00%,100.00%,100.00%,169,0.00,357.09,120.00,0.00%,3.53%,66.67%,20,0,50.00%,0
B00L2ZLJQG,American Garden,1.37,2.72,1.36,(134.33)%,-3.61,23.67%,4,0.00%,0.00%,0.00%,572,0.00,28.55,24.00,18.50%,12.60%,0.00%,4,0,0.00%,2
B01M4IDUTR,UNKNOWN,1.04,2.55,0.85,(163.05)%,-4.75,13.30%,12,50.00%,0.00%,0.00%,16,0.00,0.00,0.00,16.26%,(3.53)%,75.00%,9,0,50.00%,5
B083VKH3K8,American Garden,2.48,2.48,2.48,(53.87)%,-1.44,29.30%,9,0.00%,0.00%,0.00%,53,0.00,12.95,6.00,18.78%,12.95%,0.00%,9,0,0.00%,1
B00D76WARU,Foster Clarks,1.77,2.43,0.81,(171.59)%,-4.29,(65.77)%,34,0.00%,0.00%,0.00%,350,0.00,0.00,0.00,0.00%,(65.77)%,52.17%,31,0,0.00%,3
B083VKBHXM,Diamond,4.28,2.39,2.39,(97.92)%,-2.74,22.68%,4,0.00%,0.00%,0.00%,380,0.00,0.00,0.00,36.15%,(24.49)%,75.00%,4,0,0.00%,1
B0CYT9BCRH,TATA,3.42,2.36,2.36,(42.75)%,-1.01,13.31%,49,4.08%,100.00%,100.00%,123,0.00,63.57,26.00,16.20%,(3.46)%,0.00%,48,0,4.08%,3
B075731CHK,Ching's Secret,1.37,2.19,1.09,(183.29)%,-4.08,(16.04)%,9,0.00%,0.00%,0.00%,317,0.00,0.00,0.00,0.00%,(3.48)%,100.00%,9,0,0.00%,2
B075RYJS3F,Ching's,0.39,1.91,0.32,(141.53)%,-2.90,13.36%,7,0.00%,100.00%,100.00%,483,0.00,26.68,81.00,16.22%,(3.42)%,0.00%,0,0,0.00%,6
B08CHW751L,UNKNOWN,2.75,1.83,1.83,(110.66)%,-2.22,8.23%,3,0.00%,0.00%,0.00%,98,0.00,0.00,0.00,16.26%,(3.56)%,0.00%,3,0,0.00%,1
B00L2ZKAE8,American Garden,2.19,1.28,1.28,(72.50)%,-0.98,(20.54)%,6,83.33%,0.00%,0.00%,47,0.00,45.67,24.00,18.78%,(48.41)%,83.33%,6,0,83.33%,1
B07NF7H7DL,Foster Clark's,1.05,1.23,1.23,(232.31)%,-3.88,(30.53)%,7,71.43%,0.00%,0.00%,98,0.00,163.47,97.00,0.00%,(36.95)%,100.00%,0,0,71.43%,0
B0C66476XR,TATA,1.58,1.12,1.12,(91.14)%,-1.02,8.03%,4,0.00%,0.00%,0.00%,121,0.00,12.82,11.00,16.16%,(3.63)%,0.00%,4,0,0.00%,1
B07NF8WZRC,Lotte,0.45,1.01,0.51,(430.10)%,-5.35,33.45%,41,21.95%,100.00%,0.00%,4,0.00,0.00,0.00,11.26%,17.74%,51.61%,37,0,21.95%,9
B01LYT8NCG,Foster Clarks,1.15,0.74,0.74,(294.66)%,-2.96,(43.40)%,54,100.00%,0.00%,0.00%,355,0.00,0.00,0.00,3.33%,(48.34)%,0.00%,0,0,100.00%,0
B0D52NJ9WJ,Lotte,0.00,0,0.00,0.00%,0,0.00%,0,0.00%,0.00%,0.00%,530,0,0.00,0.00,0.00%,0.00%,0.00%,0,0,0.00%,0
B000I0VTMA,American Garden,0.00,0,0.00,0.00%,0,0.00%,20,80.00%,0.00%,0.00%,0,0,0.00,0.00,0.00%,0.00%,100.00%,20,0,80.00%,0
B083VL3P6Z,Diamond,0.00,0,0.00,0.00%,0,0.00%,0,0.00%,0.00%,0.00%,251,0,0.00,0.00,0.00%,0.00%,0.00%,0,0,0.00%,0
B083VKM94Q,Diamond,0.00,0,0.00,0.00%,0,0.00%,0,0.00%,0.00%,0.00%,319,0,0.00,0.00,0.00%,0.00%,0.00%,0,0,0.00%,0
B083VL85MX,TATA,0.00,0,0.00,0.00%,0,0.00%,5,0.00%,0.00%,0.00%,31,0,14.90,1.00,0.00%,0.00%,0.00%,5,0,0.00%,0
B00L2ZK5P2,American Garden,0.00,0,0.00,0.00%,0,0.00%,49,2.04%,100.00%,100.00%,56,0,110.81,50.00,0.00%,0.00%,100.00%,0,0,2.04%,-1
B088FCW4Z9,UNKNOWN,0.00,0,0.00,0.00%,0,0.00%,1,0.00%,0.00%,0.00%,168,0,0.00,0.00,0.00%,0.00%,0.00%,1,0,0.00%,0
B0FLJG3X4C,DIAMOND دايموند,0.00,0,0.00,0.00%,0,0.00%,1,100.00%,0.00%,0.00%,0,0,0.00,0.00,0.00%,0.00%,0.00%,0,0,100.00%,0
B0CYT6SRXZ,TATA,0.00,0,0.00,0.00%,0,0.00%,18,0.00%,0.00%,0.00%,346,0,22.69,5.00,0.00%,0.00%,0.00%,17,0,0.00%,0
B00NRML2XM,Dilmah,0.00,0,0.00,0.00%,0,0.00%,12,41.67%,100.00%,0.00%,0,0,0.00,0.00,0.00%,0.00%,0.00%,0,0,41.67%,0
B07PBLLSTQ,American Garden,0.00,0,0.00,0.00%,0,0.00%,1,0.00%,0.00%,0.00%,269,0,0.00,0.00,0.00%,0.00%,0.00%,0,0,0.00%,0
B00L28CIQ8,American Garden,0.00,0,0.00,0.00%,0,0.00%,3,0.00%,100.00%,66.67%,157,0,144.30,27.00,0.00%,0.00%,100.00%,0,0,0.00%,0
B07GST9J7L,Dilmah,0.00,0,0.00,0.00%,0,0.00%,21,100.00%,0.00%,0.00%,0,0,0.00,0.00,0.00%,0.00%,0.00%,0,0,100.00%,0
B08C1BXXXV,O'lite,0.00,0,0.00,0.00%,0,0.00%,19,100.00%,100.00%,0.00%,0,0,0.00,0.00,0.00%,0.00%,0.00%,18,0,100.00%,6
B0B4P6HYVX,KANNAN DEVAN,0.00,0,0.00,0.00%,0,0.00%,1,0.00%,100.00%,100.00%,162,0,34.30,14.00,0.00%,0.00%,0.00%,0,0,0.00%,0
B01JRUYKOK,UNKNOWN,0.00,0,0.00,0.00%,0,0.00%,19,100.00%,0.00%,0.00%,0,0,0.00,0.00,0.00%,0.00%,0.00%,0,0,100.00%,0
B0095DQDH2,Foster Clarks,0.00,0,0.00,0.00%,0,0.00%,26,0.00%,0.00%,0.00%,0,0,0.00,0.00,0.00%,0.00%,100.00%,0,0,0.00%,0
B000LRO5O4,Splenda,0.00,0,0.00,0.00%,0,0.00%,26,100.00%,0.00%,0.00%,0,0,0.00,0.00,0.00%,0.00%,0.00%,0,0,100.00%,0
B00JOQS7FQ,Al Rifai,0.00,0,0.00,0.00%,0,0.00%,2,0.00%,0.00%,0.00%,313,0,0.00,0.00,0.00%,0.00%,0.00%,2,0,0.00%,0
B07NF8729H,American Garden,0.00,0,0.00,0.00%,0,0.00%,13,0.00%,100.00%,100.00%,483,0,247.97,132.00,0.00%,0.00%,0.00%,0,0,0.00%,0
B0FLJH5G4D,DIAMOND دايموند,0.00,0,0.00,0.00%,0,0.00%,9,0.00%,0.00%,0.00%,31,0,0.00,0.00,0.00%,0.00%,0.00%,9,0,0.00%,0
B006OHBYTY,American Garden,0.00,0,0.00,0.00%,0,0.00%,19,52.63%,0.00%,0.00%,271,0,0.00,0.00,0.00%,0.00%,100.00%,16,0,52.63%,1
B07NF98DQL,Al Rifai,0.00,0,0.00,0.00%,0,0.00%,5,0.00%,0.00%,0.00%,327,0,0.00,0.00,0.00%,0.00%,33.33%,4,0,0.00%,1
B083VKDQ3T,Diamond,0.00,0,0.00,0.00%,0,0.00%,0,0.00%,0.00%,0.00%,319,0,0.00,0.00,0.00%,0.00%,0.00%,0,0,0.00%,0
B083VKYVK5,Al Rifai,0.00,0,0.00,0.00%,0,0.00%,1,100.00%,0.00%,0.00%,0,0,0.00,0.00,0.00%,0.00%,0.00%,1,0,100.00%,0
B0FLDF6S1B,DIAMOND دايموند,0.00,0,0.00,0.00%,0,0.00%,0,0.00%,0.00%,0.00%,8,0,0.00,0.00,0.00%,0.00%,0.00%,0,0,0.00%,0
B0C62C61N7,TATA,0.00,0,0.00,0.00%,0,0.00%,28,60.71%,100.00%,0.00%,0,0,0.00,0.00,0.00%,0.00%,100.00%,25,0,60.71%,2
B06XFDSL4K,Chings,0.00,0,0.00,0.00%,0,0.00%,11,0.00%,100.00%,100.00%,356,0,0.00,0.00,0.00%,0.00%,27.27%,11,0,0.00%,2
B00L28C5U2,American Garden,0.00,0,0.00,0.00%,0,0.00%,24,16.67%,100.00%,100.00%,136,0,134.37,36.00,0.00%,0.00%,100.00%,0,0,16.67%,0
B075S49GM4,UNKNOWN,0.00,0,0.00,0.00%,0,0.00%,4,0.00%,0.00%,0.00%,0,0,0.00,0.00,0.00%,0.00%,0.00%,0,0,0.00%,0
B0792L8SY6,Lotte,0.00,0,0.00,0.00%,0,0.00%,34,14.71%,100.00%,0.00%,0,0,0.00,0.00,0.00%,0.00%,0.00%,0,0,14.71%,0
B00L28CGDS,American Garden,0.00,0,0.00,0.00%,0,0.00%,21,0.00%,0.00%,0.00%,48,0,0.00,0.00,0.00%,0.00%,0.00%,21,0,0.00%,1
B088FCK2WJ,Ching's,0.00,0,0.00,0.00%,0,0.00%,3,100.00%,100.00%,100.00%,96,0,0.00,0.00,0.00%,0.00%,0.00%,3,0,100.00%,0
B083VK8J1R,Foster Clarks,0.00,0,0.00,0.00%,0,0.00%,4,0.00%,0.00%,0.00%,0,0,0.00,0.00,0.00%,0.00%,0.00%,0,0,0.00%,0
B01F3N8UNW,Foster Clarks,0.00,0,0.00,0.00%,0,0.00%,20,65.00%,0.00%,0.00%,65,0,136.30,48.00,0.00%,0.00%,100.00%,20,0,65.00%,1
B083VKDQ3Z,TATA,0.00,0,0.00,0.00%,0,0.00%,5,20.00%,0.00%,0.00%,0,0,0.00,0.00,0.00%,0.00%,0.00%,3,0,20.00%,0
B0BZVMBMJZ,Chings Secret,0.00,0,0.00,0.00%,0,0.00%,5,60.00%,100.00%,100.00%,62,0,88.67,46.00,0.00%,0.00%,0.00%,3,0,60.00%,0
B0BF7B1H1G,DIAMOND دايموند,0.00,0,0.00,0.00%,0,0.00%,0,0.00%,60.87%,100.00%,102,0,42.77,28.00,0.00%,0.00%,0.00%,0,0,0.00%,0
B0B8DMQRPR,American Garden,0.00,0,0.00,0.00%,0,0.00%,161,52.17%,100.00%,100.00%,121,0,44.80,8.00,0.00%,0.00%,94.74%,143,0,52.17%,6
B07PN2Q5H7,Al Rifai,0.00,0,0.00,0.00%,0,0.00%,0,0.00%,0.00%,0.00%,388,0,0.00,0.00,0.00%,0.00%,0.00%,0,0,0.00%,0
B07PCMG31N,American Garden,0.00,0,0.00,0.00%,0,0.00%,5,0.00%,0.00%,0.00%,56,0,0.00,0.00,0.00%,0.00%,0.00%,5,0,0.00%,0
B00B73QIF0,Foster Clarks,0.00,0,0.00,0.00%,0,0.00%,18,0.00%,0.00%,0.00%,24,0,0.00,0.00,0.00%,0.00%,100.00%,0,0,0.00%,0
B091VSDXFF,American Garden,0.00,0,0.00,0.00%,0,0.00%,2,50.00%,0.00%,0.00%,318,0,0.00,0.00,0.00%,0.00%,0.00%,0,0,50.00%,0
B0756YP6QH,Ching's Secret,0.00,0,0.00,0.00%,0,0.00%,1,100.00%,100.00%,100.00%,0,0,0.00,0.00,0.00%,0.00%,0.00%,1,0,100.00%,0
B083VKND7T,TATA,0.00,0,0.00,0.00%,0,0.00%,0,0.00%,0.00%,0.00%,53,0,26.60,3.00,0.00%,0.00%,0.00%,0,0,0.00%,0
B083VL6DC8,Tetley,0.00,0,0.00,0.00%,0,0.00%,7,100.00%,0.00%,0.00%,0,0,0.00,0.00,0.00%,0.00%,0.00%,7,0,100.00%,2
B083VKCZ15,Afia,0.00,0,0.00,0.00%,0,0.00%,25,0.00%,0.00%,0.00%,436,0,0.00,0.00,0.00%,0.00%,0.00%,0,0,0.00%,0
B083VKPXST,Al Rifai,0.00,0,0.00,0.00%,0,0.00%,45,4.44%,0.00%,0.00%,262,0,0.00,0.00,0.00%,0.00%,100.00%,42,0,4.44%,1
B00L2ZKP0M,American Garden,0.00,0,0.00,0.00%,0,0.00%,2,100.00%,0.00%,0.00%,255,0,0.00,0.00,0.00%,0.00%,100.00%,2,0,100.00%,0
B091VPBF8Q,American Garden,0.00,0,0.00,0.00%,0,0.00%,74,6.76%,100.00%,100.00%,111,0,399.15,90.00,0.00%,0.00%,75.00%,0,0,6.76%,0
B083VKRRWR,American Garden,0.00,0,0.00,0.00%,0,0.00%,8,0.00%,0.00%,0.00%,72,0,0.00,0.00,0.00%,0.00%,0.00%,8,0,0.00%,0
B07B3X1HZZ,TILDA,0.00,0,0.00,0.00%,0,0.00%,117,100.00%,42.73%,2.13%,24,0,0.00,0.00,0.00%,0.00%,0.00%,0,0,100.00%,0
B077ZCB3T7,Tetley,0.00,0,0.00,0.00%,0,0.00%,0,0.00%,0.00%,0.00%,0,0,0.00,0.00,0.00%,0.00%,0.00%,0,0,0.00%,0
B0BF64NX4G,DIAMOND دايموند,0.00,0,0.00,0.00%,0,0.00%,3,0.00%,0.00%,0.00%,8,0,0.00,0.00,0.00%,0.00%,33.33%,3,0,0.00%,0
B0847NL6J7,Al Osra,0.00,0,0.00,0.00%,0,0.00%,24,0.00%,73.83%,100.00%,804,0,517.61,194.00,0.00%,0.00%,100.00%,0,0,0.00%,0
B083VKND7S,TATA,0.00,0,0.00,0.00%,0,0.00%,3,66.67%,100.00%,100.00%,116,0,51.46,21.00,0.00%,0.00%,66.67%,3,0,66.67%,0
B0014D21C2,UNKNOWN,0.00,0,0.00,0.00%,0,0.00%,2,0.00%,0.00%,0.00%,0,0,0.00,0.00,0.00%,0.00%,0.00%,0,0,0.00%,0
B07MTQB5Q7,American Garden,0.00,0,0.00,0.00%,0,0.00%,47,51.06%,100.00%,100.00%,178,0,66.53,15.00,0.00%,0.00%,100.00%,41,0,51.06%,1
B0FLHSQ2ZF,DIAMOND دايموند,0.00,0,0.00,0.00%,0,0.00%,0,0.00%,0.00%,0.00%,0,0,0.00,0.00,0.00%,0.00%,0.00%,0,0,0.00%,0
B01L1DRDKO,UNKNOWN,0.00,0,0.00,0.00%,0,0.00%,115,81.74%,100.00%,100.00%,282,0,702.54,252.00,0.00%,0.00%,52.17%,114,0,81.74%,-1
B083VK2HWC,Al Rifai,0.00,0,0.00,0.00%,0,0.00%,1,100.00%,88.24%,100.00%,265,0,212.44,45.00,0.00%,0.00%,100.00%,1,0,100.00%,0
B08WXTP6C1,Chings Secret,0.00,0,0.00,0.00%,0,0.00%,5,0.00%,0.00%,0.00%,380,0,0.00,0.00,0.00%,0.00%,0.00%,0,0,0.00%,0
B0D2P64GWB,Tata Soulfull,0.00,0,0.00,0.00%,0,0.00%,3,0.00%,0.00%,0.00%,0,0,0.00,0.00,0.00%,0.00%,0.00%,0,0,0.00%,0
B083VK2HW5,Al Rifai,0.00,0,0.00,0.00%,0,0.00%,6,0.00%,0.00%,0.00%,0,0,0.00,0.00,0.00%,0.00%,0.00%,0,0,0.00%,0
B01ITA6H36,TETLEY,0.00,0,0.00,0.00%,0,0.00%,1,0.00%,0.00%,0.00%,43,0,29.04,5.00,0.00%,0.00%,0.00%,1,0,0.00%,0
B08CHVBX48,UNKNOWN,0.00,0,0.00,0.00%,0,0.00%,2,0.00%,100.00%,100.00%,209,0,34.65,21.00,0.00%,0.00%,100.00%,0,0,0.00%,0
B00L2ZKNL8,American Garden,0.00,0,0.00,0.00%,0,0.00%,7,14.29%,100.00%,75.00%,170,0,12.25,3.00,0.00%,0.00%,100.00%,0,0,14.29%,0
B00L28CTEE,American Garden,0.00,0,0.00,0.00%,0,0.00%,23,52.17%,0.00%,0.00%,3124,0,0.00,0.00,0.00%,0.00%,80.00%,18,0,52.17%,1
B07MQ16Q5L,Lotte,0.00,0,0.00,0.00%,0,0.00%,41,56.10%,0.00%,0.00%,0,0,0.00,0.00,0.00%,0.00%,0.00%,0,0,56.10%,-10
B0D2P44PQ9,Tata Soulfull,0.00,0,0.00,0.00%,0,0.00%,4,100.00%,0.00%,0.00%,0,0,0.00,0.00,0.00%,0.00%,0.00%,0,0,100.00%,0
B07RN74QSC,American Garden,0.00,0,0.00,0.00%,0,0.00%,9,77.78%,100.00%,100.00%,79,0,110.95,36.00,0.00%,0.00%,100.00%,9,0,77.78%,1
B083VK2HW1,Sultan,0.00,0,0.00,0.00%,0,0.00%,7,100.00%,0.00%,0.00%,327,0,0.00,0.00,0.00%,0.00%,0.00%,7,0,100.00%,0
B07P5J63J9,Foster Clark'S,0.00,0,0.00,0.00%,0,0.00%,0,0.00%,0.00%,0.00%,0,0,0.00,0.00,0.00%,0.00%,0.00%,0,0,0.00%,0
B076QXVN8H,Afia,0.00,0,0.00,0.00%,0,0.00%,11,0.00%,0.00%,0.00%,86,0,122.26,35.00,0.00%,0.00%,75.00%,0,0,0.00%,0
B08C1CPPHB,Shams,0.00,0,0.00,0.00%,0,0.00%,3,0.00%,0.00%,0.00%,0,0,0.00,0.00,0.00%,0.00%,0.00%,0,0,0.00%,0
B083VL3P7G,Diamond,0.00,0,0.00,0.00%,0,0.00%,1,0.00%,0.00%,0.00%,335,0,0.00,0.00,0.00%,0.00%,0.00%,1,0,0.00%,0
B07NF7T22C,Al Rifai,0.00,0,0.00,0.00%,0,0.00%,4,0.00%,0.00%,0.00%,8,0,0.00,0.00,0.00%,0.00%,33.33%,4,0,0.00%,0
B083VKH3K9,American Garden,0.00,0,0.00,0.00%,0,0.00%,6,0.00%,0.00%,0.00%,264,0,0.00,0.00,0.00%,0.00%,0.00%,6,0,0.00%,0
B091VQKB28,American Garden,0.00,0,0.00,0.00%,0,0.00%,32,75.00%,100.00%,100.00%,147,0,24.99,6.00,0.00%,0.00%,93.33%,30,0,75.00%,1
B07575J55Z,Ching's Secret,0.00,0,0.00,0.00%,0,0.00%,4,100.00%,0.00%,0.00%,0,0,0.00,0.00,0.00%,0.00%,0.00%,4,0,100.00%,0
B07PBLJ3VP,American Garden,0.00,0,0.00,0.00%,0,0.00%,9,22.22%,100.00%,100.00%,153,0,0.00,0.00,0.00%,0.00%,100.00%,0,0,22.22%,0
B091VQ8QSN,American Garden,0.00,0,0.00,0.00%,0,0.00%,56,78.57%,100.00%,100.00%,165,0,129.13,31.00,0.00%,0.00%,92.86%,56,0,78.57%,0
B083VKCGWQ,American Garden,0.00,0,0.00,0.00%,0,0.00%,13,69.23%,0.00%,0.00%,0,0,0.00,0.00,0.00%,0.00%,0.00%,1,0,69.23%,0
B07576C6TL,UNKNOWN,0.00,0,0.00,0.00%,0,0.00%,1,100.00%,0.00%,0.00%,0,0,0.00,0.00,0.00%,0.00%,0.00%,0,0,100.00%,0
B083VKZP1Z,Diamond,0.00,0,0.00,0.00%,0,0.00%,1,0.00%,0.00%,0.00%,8,0,0.00,0.00,0.00%,0.00%,0.00%,1,0,0.00%,0
B0BYP2C5TR,UNKNOWN,0.00,0,0.00,0.00%,0,0.00%,27,0.00%,0.00%,0.00%,0,0,0.00,0.00,0.00%,0.00%,0.00%,0,0,0.00%,0
B07NF7G74H,Al Arabi,0.00,0,0.00,0.00%,0,0.00%,9,0.00%,0.00%,0.00%,243,0,0.00,0.00,0.00%,0.00%,55.56%,9,0,0.00%,1
B07MTXFYBT,American Garden,0.00,0,0.00,0.00%,0,0.00%,18,16.67%,100.00%,100.00%,137,0,47.39,17.00,0.00%,0.00%,100.00%,12,0,16.67%,2
B083VKQWR6,Al Rifai,0.00,0,0.00,0.00%,0,0.00%,2,0.00%,100.00%,100.00%,14,0,0.00,0.00,0.00%,0.00%,0.00%,2,0,0.00%,0
B0DT62QDW5,TATA GLOBAL BEVeRAGES,0.00,0,0.00,0.00%,0,0.00%,4,25.00%,100.00%,100.00%,228,0,6.57,2.00,0.00%,0.00%,0.00%,3,0,25.00%,0
B01JAXTYKO,Chings Secret,0.00,0,0.00,0.00%,0,0.00%,52,80.77%,0.00%,0.00%,97,0,138.78,72.00,0.00%,0.00%,100.00%,0,0,80.77%,0
B083VKCGYM,Foster Clarks,0.00,0,0.00,0.00%,0,0.00%,4,100.00%,0.00%,0.00%,0,0,0.00,0.00,0.00%,0.00%,100.00%,4,0,100.00%,0
B01DM7RVUY,American Garden,0.00,0,0.00,0.00%,0,0.00%,24,0.00%,0.00%,0.00%,32,0,44.66,12.00,0.00%,0.00%,40.00%,21,0,0.00%,0
B0C663CW31,TATA,0.00,0,0.00,0.00%,0,0.00%,1,0.00%,100.00%,100.00%,148,0,19.76,17.00,0.00%,0.00%,100.00%,0,0,0.00%,0
B0CS375R72,DIAMOND دايموند,0.00,0,0.00,0.00%,0,0.00%,0,0.00%,0.00%,0.00%,0,0,0.00,0.00,0.00%,0.00%,0.00%,0,0,0.00%,0
B091VRT6S1,American Garden,0.00,0,0.00,0.00%,0,0.00%,7,57.14%,0.00%,0.00%,0,0,0.00,0.00,0.00%,0.00%,0.00%,0,0,57.14%,0
B0C6635B2K,TATA,0.00,0,0.00,0.00%,0,0.00%,6,100.00%,0.00%,0.00%,0,0,0.00,0.00,0.00%,0.00%,0.00%,0,0,100.00%,0
B0B4P7KK2N,KANAN DEVAN,0.00,0,0.00,0.00%,0,0.00%,9,0.00%,0.00%,0.00%,0,0,0.00,0.00,0.00%,0.00%,0.00%,0,0,0.00%,0
B00Y09JRZQ,Ching's Secret,0.00,0,0.00,0.00%,0,0.00%,4,100.00%,0.00%,0.00%,0,0,0.00,0.00,0.00%,0.00%,0.00%,0,0,100.00%,0
B00L2ZKROQ,American Garden,0.00,0,0.00,0.00%,0,0.00%,54,37.04%,100.00%,100.00%,64,0,159.05,47.00,0.00%,0.00%,86.96%,28,0,37.04%,0
B00L305TGG,American Garden,0.00,0,0.00,0.00%,0,0.00%,4,0.00%,44.44%,0.00%,16,0,0.00,0.00,0.00%,0.00%,100.00%,0,0,0.00%,0
B07NF5BLTB,Al Rifai,0.00,0,0.00,0.00%,0,0.00%,2,50.00%,0.00%,0.00%,421,0,0.00,0.00,0.00%,0.00%,0.00%,0,0,50.00%,0
B075733JRQ,Ching's Secret,0.00,0,0.00,0.00%,0,0.00%,54,0.00%,0.00%,0.00%,395,0,211.05,240.00,0.00%,0.00%,11.11%,0,0,0.00%,0
B07576C6TW,Chings Secret,0.00,0,0.00,0.00%,0,0.00%,32,0.00%,0.00%,0.00%,332,0,97.08,63.00,0.00%,0.00%,0.00%,32,0,0.00%,0
B01CEHTICM,American Garden,0.00,0,0.00,0.00%,0,0.00%,12,33.33%,100.00%,100.00%,67,0,35.71,12.00,0.00%,0.00%,80.00%,9,0,33.33%,0
B07NF7X5MY,Lotte,0.00,0,0.00,0.00%,0,0.00%,50,0.00%,0.00%,0.00%,0,0,0.00,0.00,0.00%,0.00%,0.00%,0,0,0.00%,0
B00L2ZKKHU,American Garden,0.00,0,0.00,0.00%,0,0.00%,3,100.00%,0.00%,0.00%,250,0,0.00,0.00,0.00%,0.00%,100.00%,3,0,100.00%,0
B01N0AHJ3U,UNKNOWN,0.00,0,0.00,0.00%,0,0.00%,6,100.00%,0.00%,0.00%,0,0,0.00,0.00,0.00%,0.00%,0.00%,6,0,100.00%,-1
B0757317DM,Ching's Secret,0.00,0,0.00,0.00%,0,0.00%,1,100.00%,0.00%,0.00%,0,0,0.00,0.00,0.00%,0.00%,0.00%,1,0,100.00%,0
B00L2ZL4V6,American Garden,0.00,0,0.00,0.00%,0,0.00%,16,87.50%,28.80%,0.00%,8,0,0.00,0.00,0.00%,0.00%,0.00%,0,0,87.50%,0
B083VKXLY4,American Garden,0.00,0,0.00,0.00%,0,0.00%,17,35.29%,100.00%,100.00%,173,0,0.00,0.00,0.00%,0.00%,100.00%,0,0,35.29%,0
B07PQ5ZRZ7,Al Rifai,0.00,0,0.00,0.00%,0,0.00%,1,100.00%,0.00%,0.00%,327,0,0.00,0.00,0.00%,0.00%,0.00%,0,0,100.00%,0
B00L28CYZ8,American Garden,0.00,0,0.00,0.00%,0,0.00%,20,65.00%,100.00%,100.00%,215,0,0.00,0.00,0.00%,0.00%,94.12%,19,0,65.00%,0
B0FTF86BJ4,TETLEY,0.00,0,0.00,0.00%,0,0.00%,1,0.00%,0.00%,0.00%,7,0,5.81,1.00,0.00%,0.00%,0.00%,1,0,0.00%,0
B00345SZ00,Chings Secret,0.00,0,0.00,0.00%,0,0.00%,30,0.00%,0.00%,0.00%,181,0,83.21,54.00,0.00%,0.00%,0.00%,0,0,0.00%,0
B088FBXKL8,Ching's,0.00,0,0.00,0.00%,0,0.00%,3,66.67%,100.00%,100.00%,104,0,12.20,6.00,0.00%,0.00%,0.00%,3,0,66.67%,0
B083VK9HYK,Diamond,0.00,0,0.00,0.00%,0,0.00%,1,100.00%,0.00%,0.00%,297,0,0.00,0.00,0.00%,0.00%,0.00%,1,0,100.00%,0
B087GK61LY,Diamond,0.00,0,0.00,0.00%,0,0.00%,7,0.00%,0.00%,0.00%,8,0,16.59,1.00,0.00%,0.00%,75.00%,4,0,0.00%,0
B09H6KZYJ9,Ching's Secret,0.00,0,0.00,0.00%,0,0.00%,23,13.04%,100.00%,96.77%,396,0,223.60,174.00,0.00%,0.00%,0.00%,0,0,13.04%,0
B07N1PGTRF,Foster Clarks,0.00,0,0.00,0.00%,0,0.00%,33,81.82%,0.00%,0.00%,0,0,0.00,0.00,0.00%,0.00%,100.00%,31,0,81.82%,3
B08C18B1L1,AFIA,0.00,0,0.00,0.00%,0,0.00%,28,0.00%,0.00%,0.00%,239,0,749.41,136.00,0.00%,0.00%,45.45%,0,0,0.00%,0
B008VSX352,Ken's,0.00,0,0.00,0.00%,0,0.00%,7,0.00%,0.00%,0.00%,112,0,0.00,0.00,0.00%,0.00%,0.00%,7,0,0.00%,0
B00L28DEWA,American Garden,0.00,0,0.00,0.00%,0,0.00%,61,45.90%,100.00%,95.18%,115,0,200.73,72.00,0.00%,0.00%,88.37%,57,0,45.90%,6
B084CLC4YB,TATA,0.00,0,0.00,0.00%,0,0.00%,2,100.00%,0.00%,0.00%,0,0,0.00,0.00,0.00%,0.00%,0.00%,0,0,100.00%,0
B00L2ZKWCI,American Garden,0.00,0,0.00,0.00%,0,0.00%,30,0.00%,100.00%,100.00%,129,0,270.43,110.00,0.00%,0.00%,100.00%,0,0,0.00%,0
B01L1DQPMG,American Garden,0.00,0,0.00,0.00%,0,0.00%,22,68.18%,100.00%,87.50%,94,0,215.86,58.00,0.00%,0.00%,100.00%,19,0,68.18%,1
B004TRNK20,Lotte,0.00,0,0.00,0.00%,0,0.00%,28,39.29%,100.00%,0.00%,8,0,0.00,0.00,0.00%,0.00%,0.00%,0,0,39.29%,0
B083VK72KB,TATA,0.00,0,0.00,0.00%,0,0.00%,4,0.00%,100.00%,100.00%,40,0,41.42,5.00,0.00%,0.00%,25.00%,4,0,0.00%,0
B086BWPHL9,UNKNOWN,0.00,0,0.00,0.00%,0,0.00%,5,0.00%,0.00%,0.00%,0,0,0.00,0.00,0.00%,0.00%,0.00%,0,0,0.00%,0
B07NF8C4JJ,Al Rifai,0.00,0,0.00,0.00%,0,0.00%,1,100.00%,0.00%,0.00%,341,0,0.00,0.00,0.00%,0.00%,100.00%,1,0,100.00%,0
B07576775Y,Ching's Secret,0.00,0,0.00,0.00%,0,0.00%,8,0.00%,0.00%,0.00%,152,0,6.26,19.00,0.00%,0.00%,0.00%,8,0,0.00%,0
B0095DQF2A,Foster Clarks,0.00,0,0.00,0.00%,0,0.00%,8,0.00%,0.00%,0.00%,240,0,0.00,0.00,0.00%,0.00%,0.00%,0,0,0.00%,-2
B087GL5MV7,Diamond,0.00,0,0.00,0.00%,0,0.00%,0,0.00%,0.00%,0.00%,8,0,0.00,0.00,0.00%,0.00%,0.00%,0,0,0.00%,0
B0CTKBSTYM,TATA,0.00,0,0.00,0.00%,0,0.00%,4,0.00%,0.00%,0.00%,0,0,0.00,0.00,0.00%,0.00%,0.00%,0,0,0.00%,0
B0DT5Z95MT,TATA GLOBAL BEVeRAGES,0.00,0,0.00,0.00%,0,0.00%,5,20.00%,0.00%,0.00%,306,0,12.50,3.00,0.00%,0.00%,0.00%,5,0,20.00%,0
B00L28CLEW,American Garden,0.00,0,0.00,0.00%,0,0.00%,12,100.00%,0.00%,0.00%,0,0,0.00,0.00,0.00%,0.00%,100.00%,12,0,100.00%,2
B07P8BSC97,American Garden,0.00,0,0.00,0.00%,0,0.00%,1,0.00%,0.00%,0.00%,16,0,0.00,0.00,0.00%,0.00%,0.00%,1,0,0.00%,0
B07P76HBPW,American Garden,0.00,0,0.00,0.00%,0,0.00%,19,26.32%,0.00%,0.00%,0,0,0.00,0.00,0.00%,0.00%,100.00%,16,0,26.32%,-1
B07NF7X3PH,UNKNOWN,0.00,0,0.00,0.00%,0,0.00%,1,100.00%,100.00%,100.00%,0,0,0.00,0.00,0.00%,0.00%,100.00%,1,0,100.00%,0
B0CS35YCYH,DIAMOND دايموند,0.00,0,0.00,0.00%,0,0.00%,0,0.00%,0.00%,0.00%,0,0,0.00,0.00,0.00%,0.00%,0.00%,0,0,0.00%,0
B07PCMFZ1L,American Garden,0.00,0,0.00,0.00%,0,0.00%,12,33.33%,100.00%,100.00%,20,0,34.02,11.00,0.00%,0.00%,100.00%,5,0,33.33%,0
B08CHXZ7ZT,UNKNOWN,0.00,0,0.00,0.00%,0,0.00%,15,80.00%,0.00%,0.00%,333,0,0.00,0.00,0.00%,0.00%,0.00%,0,0,80.00%,0
B083VKYVF4,Foster Clarks,0.00,0,0.00,0.00%,0,0.00%,24,100.00%,100.00%,0.00%,0,0,0.00,0.00,0.00%,0.00%,100.00%,21,0,100.00%,3
B019ZQGTFE,UNKNOWN,0.00,0,0.00,0.00%,0,0.00%,1,100.00%,0.00%,0.00%,6,0,1.30,1.00,0.00%,0.00%,0.00%,0,0,100.00%,0
B07B7BFLT3,Foster Clarks,0.00,0,0.00,0.00%,0,0.00%,1,0.00%,0.00%,0.00%,0,0,0.00,0.00,0.00%,0.00%,0.00%,0,0,0.00%,0
B083VKBHX2,Diamond,0.00,0,0.00,0.00%,0,0.00%,1,100.00%,0.00%,0.00%,49,0,0.00,0.00,0.00%,0.00%,100.00%,1,0,100.00%,0
B072RK9TG9,Lotte,0.00,0,0.00,0.00%,0,0.00%,50,42.00%,100.00%,0.00%,8,0,0.00,0.00,0.00%,0.00%,100.00%,0,0,42.00%,0
B06Y4RRR9Z,American Garden,0.00,0,0.00,0.00%,0,0.00%,4,0.00%,0.00%,0.00%,0,0,0.00,0.00,0.00%,0.00%,0.00%,0,0,0.00%,0
B0711KYX2S,Lotte,0.00,0,0.00,0.00%,0,0.00%,28,100.00%,0.00%,0.00%,0,0,0.00,0.00,0.00%,0.00%,0.00%,28,0,100.00%,1
B08C1DSWF3,Afia,0.00,0,0.00,0.00%,0,0.00%,11,0.00%,0.00%,0.00%,311,0,0.00,0.00,0.00%,0.00%,0.00%,0,0,0.00%,0
B00SCAL6V2,Foster Clarks,0.00,0,0.00,0.00%,0,0.00%,48,0.00%,0.00%,0.00%,0,0,0.00,0.00,0.00%,0.00%,0.00%,0,0,0.00%,0
B00RUCFLR8,Foster Clarks,0.00,0,0.00,0.00%,0,0.00%,149,55.03%,100.00%,99.68%,247,0,0.00,0.00,0.00%,0.00%,100.00%,129,0,55.03%,52
B0BX71DBTN,Ching's Secret,0.00,0,0.00,0.00%,0,0.00%,7,71.43%,0.00%,0.00%,0,0,0.00,0.00,0.00%,0.00%,0.00%,0,0,71.43%,2
B079H9C6R5,Ching's Secret,0.00,0,0.00,0.00%,0,0.00%,1,0.00%,0.00%,0.00%,64,0,0.00,0.00,0.00%,0.00%,0.00%,0,0,0.00%,0
B0FHHJ5CYL,Foster Clark's,0.00,0,0.00,0.00%,0,0.00%,1,100.00%,0.00%,0.00%,0,0,0.00,0.00,0.00%,0.00%,0.00%,1,0,100.00%,0
B0FTFCM1XN,TETLEY,0.00,0,0.00,0.00%,0,0.00%,0,0.00%,0.00%,0.00%,384,0,0.00,0.00,0.00%,0.00%,0.00%,0,0,0.00%,0
B087GKZR5Z,Diamond,0.00,0,0.00,0.00%,0,0.00%,0,0.00%,0.00%,0.00%,32,0,0.00,0.00,0.00%,0.00%,0.00%,0,0,0.00%,0
B0847W462N,Ching's Secret,0.00,0,0.00,0.00%,0,0.00%,7,0.00%,0.00%,0.00%,668,0,0.00,0.00,0.00%,0.00%,0.00%,0,0,0.00%,0
B07NF7KMMK,Al Rifai,0.00,0,0.00,0.00%,0,0.00%,5,20.00%,66.67%,100.00%,198,0,18.18,6.00,0.00%,0.00%,100.00%,3,0,20.00%,0
B07NF758MF,Diamond,0.00,0,0.00,0.00%,0,0.00%,1,0.00%,0.00%,0.00%,335,0,0.00,0.00,0.00%,0.00%,0.00%,1,0,0.00%,0
B0C662Q2PL,TATA,0.00,0,0.00,0.00%,0,0.00%,4,100.00%,0.00%,0.00%,0,0,0.00,0.00,0.00%,0.00%,0.00%,0,0,100.00%,0
B08C1CYV4B,AFIA,0.00,0,0.00,0.00%,0,0.00%,33,0.00%,0.00%,0.00%,99,0,274.92,44.00,0.00%,0.00%,0.00%,0,0,0.00%,0
B0BF66Z4RT,DIAMOND دايموند,0.00,0,0.00,0.00%,0,0.00%,5,20.00%,0.00%,0.00%,5,0,0.00,0.00,0.00%,0.00%,0.00%,3,0,20.00%,0
B083VK1X8N,TATA,0.00,0,0.00,0.00%,0,0.00%,5,40.00%,100.00%,100.00%,123,0,90.99,20.00,0.00%,0.00%,80.00%,3,0,40.00%,0
B00CABG8WG,American Garden,0.00,0,0.00,0.00%,0,0.00%,7,100.00%,0.00%,0.00%,0,0,0.00,0.00,0.00%,0.00%,0.00%,0,0,100.00%,0
B083VKNDCY,Sultan,0.00,0,0.00,0.00%,0,0.00%,1,100.00%,0.00%,0.00%,335,0,0.00,0.00,0.00%,0.00%,0.00%,1,0,100.00%,0
B01I2CF0NY,Al Rifai,0.00,0,0.00,0.00%,0,0.00%,1,100.00%,31.25%,100.00%,134,0,12.48,5.00,0.00%,0.00%,0.00%,0,0,100.00%,0
B0735DQN34,Ching's Secret,0.00,0,0.00,0.00%,0,0.00%,14,100.00%,100.00%,38.51%,0,0,0.00,0.00,0.00%,0.00%,0.00%,14,0,100.00%,2
B076ZW73YZ,UNKNOWN,0.00,0,0.00,0.00%,0,0.00%,6,66.67%,100.00%,100.00%,145,0,26.40,24.00,0.00%,0.00%,100.00%,0,0,66.67%,0
B00L305YHK,American Garden,0.00,0,0.00,0.00%,0,0.00%,3,0.00%,0.00%,0.00%,8,0,0.00,0.00,0.00%,0.00%,0.00%,0,0,0.00%,0
B07RVJGVNR,American Garden,0.00,0,0.00,0.00%,0,0.00%,19,10.53%,100.00%,100.00%,33,0,114.03,37.00,0.00%,0.00%,0.00%,0,0,10.53%,0
B072J1DBM2,Dilmah,0.00,0,0.00,0.00%,0,0.00%,0,0.00%,0.00%,0.00%,8,0,0.00,0.00,0.00%,0.00%,0.00%,0,0,0.00%,0
B083VKDMN1,TATA,0.00,0,0.00,0.00%,0,0.00%,4,0.00%,0.00%,0.00%,88,0,0.00,0.00,0.00%,0.00%,0.00%,4,0,0.00%,0
B005UGW5R0,American Garden,0.00,0,0.00,0.00%,0,0.00%,53,30.19%,3.33%,100.00%,0,0,0.00,0.00,0.00%,0.00%,76.92%,44,0,30.19%,0
B083VK9J3B,Al Rifai,0.00,0,0.00,0.00%,0,0.00%,4,100.00%,0.00%,0.00%,0,0,0.00,0.00,0.00%,0.00%,100.00%,4,0,100.00%,1
B0D8J4DGVC,Generic,0.00,0,0.00,0.00%,0,0.00%,0,0.00%,53.85%,100.00%,170,0,11.59,7.00,0.00%,0.00%,0.00%,0,0,0.00%,0
B01DA5BU6Y,American Garden,0.00,0,0.00,0.00%,0,0.00%,48,43.75%,100.00%,100.00%,244,0.00,341.32,70.00,0.00%,0.00%,100.00%,43,0,43.75%,1
B083VKYVD8,Diamond,0.00,0,0.00,0.00%,0,0.00%,2,0.00%,0.00%,0.00%,8,0,0.00,0.00,0.00%,0.00%,0.00%,2,0,0.00%,0
B07JL5CPNV,Foster Clarks,0.00,0,0.00,0.00%,0,0.00%,9,33.33%,0.00%,0.00%,0,0,0.00,0.00,0.00%,0.00%,100.00%,2,0,33.33%,4
B0095DQJ30,Foster Clarks,0.00,0,0.00,0.00%,0,0.00%,7,100.00%,50.00%,0.00%,159,0,8.89,12.00,0.00%,0.00%,100.00%,7,0,100.00%,-5
B01M4LJ19V,Splenda,0.00,0,0.00,0.00%,0,0.00%,3,100.00%,0.00%,0.00%,0,0,0.00,0.00,0.00%,0.00%,0.00%,0,0,100.00%,-4
B083VK35V2,Diamond,0.00,0,0.00,0.00%,0,0.00%,3,100.00%,0.00%,0.00%,0,0,0.00,0.00,0.00%,0.00%,0.00%,0,0,100.00%,0
B083VJY5P9,Foster Clarks,0.00,0,0.00,0.00%,0,0.00%,4,100.00%,0.00%,0.00%,82,0,102.44,23.00,0.00%,0.00%,100.00%,4,0,100.00%,0
B00L28CR7S,American Garden,0.00,0,0.00,0.00%,0,0.00%,12,66.67%,0.00%,0.00%,350,0,0.00,0.00,0.00%,0.00%,88.89%,12,0,66.67%,1
B083VKYQTG,Al Rifai,0.00,0,0.00,0.00%,0,0.00%,3,100.00%,0.00%,0.00%,0,0,0.00,0.00,0.00%,0.00%,100.00%,3,0,100.00%,1
B07PGTW6PZ,American Garden,0.00,0,0.00,0.00%,0,0.00%,11,45.45%,0.00%,0.00%,0,0,0.00,0.00,0.00%,0.00%,0.00%,0,0,45.45%,0
B083VKH3Q5,TATA,0.00,0,0.00,0.00%,0,0.00%,16,12.50%,0.00%,0.00%,8,0,0.00,0.00,0.00%,0.00%,0.00%,14,0,12.50%,0
B07J3Y1ZTZ,Dilmah,0.00,0,0.00,0.00%,0,0.00%,23,100.00%,100.00%,0.00%,0,0,0.00,0.00,0.00%,0.00%,0.00%,20,0,100.00%,8
B083VKRS1M,Al Rifai,0.00,0,0.00,0.00%,0,0.00%,6,0.00%,0.00%,0.00%,32,0,0.00,0.00,0.00%,0.00%,0.00%,6,0,0.00%,0
B0011CZ7JK,Frank's RedHot,0.00,0,0.00,0.00%,0,0.00%,11,0.00%,100.00%,0.00%,32,0,0.00,0.00,0.00%,0.00%,100.00%,11,0,0.00%,0
B00L2ZLC86,American Garden,0.00,0,0.00,0.00%,0,0.00%,2,0.00%,0.00%,0.00%,0,0,0.00,0.00,0.00%,0.00%,0.00%,0,0,0.00%,0
B083VKYQNB,American Garden,0.00,0,0.00,0.00%,0,0.00%,2,0.00%,0.00%,0.00%,8,0,0.00,0.00,0.00%,0.00%,0.00%,2,0,0.00%,0
B0D8PXHTBC,UNKNOWN,0.00,0,0.00,0.00%,0,0.00%,7,85.71%,0.00%,0.00%,0,0,0.00,0.00,0.00%,0.00%,100.00%,6,0,85.71%,0
B084PTGF2W,Foster Clarks,0.00,0,0.00,0.00%,0,0.00%,1,0.00%,0.00%,0.00%,0,0,0.00,0.00,0.00%,0.00%,0.00%,0,0,0.00%,0
B004HCAQBU,Lotte,0.00,0,0.00,0.00%,0,0.00%,2,0.00%,0.00%,0.00%,0,0,0.00,0.00,0.00%,0.00%,0.00%,0,0,0.00%,0
B083VKVVK9,Al Rifai,0.00,0,0.00,0.00%,0,0.00%,4,0.00%,0.00%,0.00%,327,0,0.00,0.00,0.00%,0.00%,50.00%,4,0,0.00%,0
B07NF7QH9S,Al Rifai,0.00,0,0.00,0.00%,0,0.00%,3,33.33%,0.00%,0.00%,287,0,0.00,0.00,0.00%,0.00%,100.00%,2,0,33.33%,1
B083VKKC9F,Foster Clarks,0.00,0,0.00,0.00%,0,0.00%,4,100.00%,0.00%,0.00%,0,0,0.00,0.00,0.00%,0.00%,0.00%,0,0,100.00%,0
B091VP9RGN,American Garden,0.00,0,0.00,0.00%,0,0.00%,1,100.00%,0.00%,0.00%,120,0,0.00,0.00,0.00%,0.00%,0.00%,0,0,100.00%,0
B083VKCLB2,Diamond,0.00,0,0.00,0.00%,0,0.00%,0,0.00%,0.00%,0.00%,343,0,0.00,0.00,0.00%,0.00%,0.00%,0,0,0.00%,0
B0014CYR98,UNKNOWN,0.00,0,0.00,0.00%,0,0.00%,28,75.00%,100.00%,100.00%,0,0,0.00,0.00,0.00%,0.00%,100.00%,23,0,75.00%,0
B07NF87BQT,Al Rifai,0.00,0,0.00,0.00%,0,0.00%,2,0.00%,0.00%,0.00%,16,0,0.00,0.00,0.00%,0.00%,100.00%,2,0,0.00%,0
B07JFCWKWM,Foster Clarks,0.00,0,0.00,0.00%,0,0.00%,4,0.00%,0.00%,0.00%,0,0,0.00,0.00,0.00%,0.00%,0.00%,0,0,0.00%,0
B091VPXTQJ,American Garden,0.00,0,0.00,0.00%,0,0.00%,35,2.86%,0.00%,0.00%,285,0,0.00,0.00,0.00%,0.00%,0.00%,0,0,2.86%,0
B0752S3199,Ching's Secret,0.00,0,0.00,0.00%,0,0.00%,9,0.00%,0.00%,0.00%,0,0,0.00,0.00,0.00%,0.00%,0.00%,6,0,0.00%,0
B09T3LYD6H,UNKNOWN,0.00,0,0.00,0.00%,0,0.00%,77,0.00%,0.00%,0.00%,0,0,0.00,0.00,0.00%,0.00%,0.00%,0,0,0.00%,0
B091VQS1Q5,American Garden,0.00,0,0.00,0.00%,0,0.00%,9,66.67%,0.00%,0.00%,0,0,0.00,0.00,0.00%,0.00%,0.00%,0,0,66.67%,0
B083VKYQP7,American Garden,0.00,0,0.00,0.00%,0,0.00%,3,0.00%,0.00%,0.00%,8,0,0.00,0.00,0.00%,0.00%,0.00%,3,0,0.00%,0
B083VKVVJZ,Al Rifai,0.00,0,0.00,0.00%,0,0.00%,0,0.00%,0.00%,0.00%,0,0,0.00,0.00,0.00%,0.00%,0.00%,0,0,0.00%,0
B06Y56TDWC,American Garden,0.00,0,0.00,0.00%,0,0.00%,12,0.00%,0.00%,0.00%,8,0,0.00,0.00,0.00%,0.00%,100.00%,12,0,0.00%,0
B00L28CV3S,American Garden,0.00,0,0.00,0.00%,0,0.00%,31,67.74%,100.00%,100.00%,181,0,15.40,4.00,0.00%,0.00%,85.71%,27,0,67.74%,1
B0CYT7YKYH,TETLEY,0.00,0,0.00,0.00%,0,0.00%,1,0.00%,0.00%,0.00%,47,0,6.40,1.00,0.00%,0.00%,0.00%,1,0,0.00%,0
B08KZ6FMY9,UNKNOWN,0.00,0,0.00,0.00%,0,0.00%,1,0.00%,0.00%,0.00%,0,0,0.00,0.00,0.00%,0.00%,0.00%,1,0,0.00%,0
B07NF85QWR,Al Rifai,0.00,0,0.00,0.00%,0,0.00%,23,43.48%,0.00%,0.00%,349,0,0.00,0.00,0.00%,0.00%,100.00%,21,0,43.48%,0
B07NF8RLW5,Al Rifai,0.00,0,0.00,0.00%,0,0.00%,3,0.00%,31.43%,100.00%,116,0,31.39,22.00,0.00%,0.00%,0.00%,0,0,0.00%,0
B07531B6QM,Ching's Secret,0.00,0,0.00,0.00%,0,0.00%,7,100.00%,0.00%,0.00%,64,0,0.00,0.00,0.00%,0.00%,0.00%,7,0,100.00%,0
B07P9G9QRZ,American Garden,0.00,0,0.00,0.00%,0,0.00%,20,0.00%,0.00%,0.00%,0,0,0.00,0.00,0.00%,0.00%,0.00%,0,0,0.00%,0
B083VK72NG,American Garden,0.00,0,0.00,0.00%,0,0.00%,10,50.00%,100.00%,92.31%,108,0,46.23,15.00,0.00%,0.00%,75.00%,9,0,50.00%,1
B01CEIFG4A,American Garden,0.00,0,0.00,0.00%,0,0.00%,5,80.00%,0.00%,0.00%,0,0,0.00,0.00,0.00%,0.00%,100.00%,4,0,80.00%,0
B08C18B3FH,Afia,0.00,0,0.00,0.00%,0,0.00%,22,0.00%,0.00%,0.00%,303,0,0.00,0.00,0.00%,0.00%,0.00%,0,0,0.00%,0
B08LNQWZ6C,Olite,0.00,0,0.00,0.00%,0,0.00%,3,0.00%,0.00%,0.00%,0,0,0.00,0.00,0.00%,0.00%,0.00%,0,0,0.00%,0
B084PTC895,Diamond,0.00,0,0.00,0.00%,0,0.00%,0,0.00%,0.00%,0.00%,8,0,0.00,0.00,0.00%,0.00%,0.00%,0,0,0.00%,0
B083VKVVDL,Diamond,0.00,0,0.00,0.00%,0,0.00%,1,100.00%,83.33%,100.00%,213,0,14.88,5.00,0.00%,0.00%,100.00%,1,0,100.00%,0
B06XPFKCD1,Foster Clarks,0.00,0,0.00,0.00%,0,0.00%,10,0.00%,0.00%,0.00%,0,0,0.00,0.00,0.00%,0.00%,0.00%,0,0,0.00%,0
B07NF7VP1K,TETLEY,0.00,0,0.00,0.00%,0,0.00%,3,100.00%,0.00%,0.00%,0,0,0.00,0.00,0.00%,0.00%,0.00%,3,0,100.00%,3
B07PKDJM35,American Garden,0.00,0,0.00,0.00%,0,0.00%,5,100.00%,0.00%,0.00%,0,0,0.00,0.00,0.00%,0.00%,100.00%,4,0,100.00%,2
B004XVFJVW,Frank's RedHot,0.00,0,0.00,0.00%,0,0.00%,13,100.00%,0.00%,0.00%,0,0,0.00,0.00,0.00%,0.00%,0.00%,13,0,100.00%,0
B00L305X8K,American Garden,0.00,0,0.00,0.00%,0,0.00%,10,0.00%,100.00%,100.00%,446,0,55.10,55.00,0.00%,0.00%,100.00%,0,0,0.00%,0
B084PTX8XP,American Garden,0.00,0,0.00,0.00%,0,0.00%,26,46.15%,100.00%,100.00%,59,0,50.40,9.00,0.00%,0.00%,100.00%,13,0,46.15%,0
B01GFPSX0W,UNKNOWN,0.00,0,0.00,0.00%,0,0.00%,1,0.00%,0.00%,0.00%,56,0,0.00,0.00,0.00%,0.00%,0.00%,1,0,0.00%,0
B07NF84G8R,Al Rifai,0.00,0,0.00,0.00%,0,0.00%,0,0.00%,0.00%,0.00%,335,0,0.00,0.00,0.00%,0.00%,0.00%,0,0,0.00%,0
B0BF64YTQQ,DIAMOND دايموند,0.00,0,0.00,0.00%,0,0.00%,1,0.00%,0.00%,0.00%,323,0,0.00,0.00,0.00%,0.00%,0.00%,0,0,0.00%,8
B08C1DPZH5,Leeza,0.00,0,0.00,0.00%,0,0.00%,4,0.00%,0.00%,0.00%,104,0,0.00,0.00,0.00%,0.00%,0.00%,0,0,0.00%,0
B00L2ZKQ92,American Garden,0.00,0,0.00,0.00%,0,0.00%,5,100.00%,0.00%,0.00%,0,0,0.00,0.00,0.00%,0.00%,100.00%,5,0,100.00%,0
B00L2ZK7CS,American Garden,0.00,0,0.00,0.00%,0,0.00%,40,20.00%,100.00%,100.00%,151,0,172.03,51.00,0.00%,0.00%,76.92%,14,0,20.00%,1
B0FLDCQ5VK,DIAMOND دايموند,0.00,0,0.00,0.00%,0,0.00%,3,0.00%,0.00%,0.00%,8,0,0.00,0.00,0.00%,0.00%,0.00%,3,0,0.00%,0
B00HHP71JY,Lotte,0.00,0,0.00,0.00%,0,0.00%,1,100.00%,0.00%,0.00%,0,0,0.00,0.00,0.00%,0.00%,0.00%,1,0,100.00%,0
,,13.05,31569.10,5.99,(15.90)%,-4946.46,19.98%,17511,13.28%,51.10%,86.97%,149321,0.00,47138.88,12212.00,56.26%,(79.67)%,71.77%,14767,0,13.28%,5617
