calendar_date,fiscal_year,fiscal_week,fiscal_month,fiscal_quarter
1/1/2020,2019,48,11,4
1/2/2020,2019,48,11,4
1/3/2020,2019,49,12,4
1/4/2020,2019,49,12,4
1/5/2020,2019,49,12,4
1/6/2020,2019,49,12,4
1/7/2020,2019,49,12,4
1/8/2020,2019,49,12,4
1/9/2020,2019,49,12,4
1/10/2020,2019,50,12,4
1/11/2020,2019,50,12,4
1/12/2020,2019,50,12,4
1/13/2020,2019,50,12,4
1/14/2020,2019,50,12,4
1/15/2020,2019,50,12,4
1/16/2020,2019,50,12,4
1/17/2020,2019,51,12,4
1/18/2020,2019,51,12,4
1/19/2020,2019,51,12,4
1/20/2020,2019,51,12,4
1/21/2020,2019,51,12,4
1/22/2020,2019,51,12,4
1/23/2020,2019,51,12,4
1/24/2020,2019,52,12,4
1/25/2020,2019,52,12,4
1/26/2020,2019,52,12,4
1/27/2020,2019,52,12,4
1/28/2020,2019,52,12,4
1/29/2020,2019,52,12,4
1/30/2020,2019,52,12,4
1/31/2020,2019,53,12,4
2/1/2020,2020,1,1,1
2/2/2020,2020,1,1,1
2/3/2020,2020,1,1,1
2/4/2020,2020,1,1,1
2/5/2020,2020,1,1,1
2/6/2020,2020,1,1,1
2/7/2020,2020,1,1,1
2/8/2020,2020,2,1,1
2/9/2020,2020,2,1,1
2/10/2020,2020,2,1,1
2/11/2020,2020,2,1,1
2/12/2020,2020,2,1,1
2/13/2020,2020,2,1,1
2/14/2020,2020,2,1,1
2/15/2020,2020,3,1,1
2/16/2020,2020,3,1,1
2/17/2020,2020,3,1,1
2/18/2020,2020,3,1,1
2/19/2020,2020,3,1,1
2/20/2020,2020,3,1,1
2/21/2020,2020,3,1,1
2/22/2020,2020,4,1,1
2/23/2020,2020,4,1,1
2/24/2020,2020,4,1,1
2/25/2020,2020,4,1,1
2/26/2020,2020,4,1,1
2/27/2020,2020,4,1,1
2/28/2020,2020,4,1,1
2/29/2020,2020,5,2,1
3/1/2020,2020,5,2,1
3/2/2020,2020,5,2,1
3/3/2020,2020,5,2,1
3/4/2020,2020,5,2,1
3/5/2020,2020,5,2,1
3/6/2020,2020,5,2,1
3/7/2020,2020,6,2,1
3/8/2020,2020,6,2,1
3/9/2020,2020,6,2,1
3/10/2020,2020,6,2,1
3/11/2020,2020,6,2,1
3/12/2020,2020,6,2,1
3/13/2020,2020,6,2,1
3/14/2020,2020,7,2,1
3/15/2020,2020,7,2,1
3/16/2020,2020,7,2,1
3/17/2020,2020,7,2,1
3/18/2020,2020,7,2,1
3/19/2020,2020,7,2,1
3/20/2020,2020,7,2,1
3/21/2020,2020,8,2,1
3/22/2020,2020,8,2,1
3/23/2020,2020,8,2,1
3/24/2020,2020,8,2,1
3/25/2020,2020,8,2,1
3/26/2020,2020,8,2,1
3/27/2020,2020,8,2,1
3/28/2020,2020,9,2,1
3/29/2020,2020,9,2,1
3/30/2020,2020,9,2,1
3/31/2020,2020,9,2,1
4/1/2020,2020,9,2,1
4/2/2020,2020,9,2,1
4/3/2020,2020,9,2,1
4/4/2020,2020,10,3,1
4/5/2020,2020,10,3,1
4/6/2020,2020,10,3,1
4/7/2020,2020,10,3,1
4/8/2020,2020,10,3,1
4/9/2020,2020,10,3,1
4/10/2020,2020,10,3,1
4/11/2020,2020,11,3,1
4/12/2020,2020,11,3,1
4/13/2020,2020,11,3,1
4/14/2020,2020,11,3,1
4/15/2020,2020,11,3,1
4/16/2020,2020,11,3,1
4/17/2020,2020,11,3,1
4/18/2020,2020,12,3,1
4/19/2020,2020,12,3,1
4/20/2020,2020,12,3,1
4/21/2020,2020,12,3,1
4/22/2020,2020,12,3,1
4/23/2020,2020,12,3,1
4/24/2020,2020,12,3,1
4/25/2020,2020,13,3,1
4/26/2020,2020,13,3,1
4/27/2020,2020,13,3,1
4/28/2020,2020,13,3,1
4/29/2020,2020,13,3,1
4/30/2020,2020,13,3,1
5/1/2020,2020,13,3,1
5/2/2020,2020,14,4,2
5/3/2020,2020,14,4,2
5/4/2020,2020,14,4,2
5/5/2020,2020,14,4,2
5/6/2020,2020,14,4,2
5/7/2020,2020,14,4,2
5/8/2020,2020,14,4,2
5/9/2020,2020,15,4,2
5/10/2020,2020,15,4,2
5/11/2020,2020,15,4,2
5/12/2020,2020,15,4,2
5/13/2020,2020,15,4,2
5/14/2020,2020,15,4,2
5/15/2020,2020,15,4,2
5/16/2020,2020,16,4,2
5/17/2020,2020,16,4,2
5/18/2020,2020,16,4,2
5/19/2020,2020,16,4,2
5/20/2020,2020,16,4,2
5/21/2020,2020,16,4,2
5/22/2020,2020,16,4,2
5/23/2020,2020,17,4,2
5/24/2020,2020,17,4,2
5/25/2020,2020,17,4,2
5/26/2020,2020,17,4,2
5/27/2020,2020,17,4,2
5/28/2020,2020,17,4,2
5/29/2020,2020,17,4,2
5/30/2020,2020,18,5,2
5/31/2020,2020,18,5,2
6/1/2020,2020,18,5,2
6/2/2020,2020,18,5,2
6/3/2020,2020,18,5,2
6/4/2020,2020,18,5,2
6/5/2020,2020,18,5,2
6/6/2020,2020,19,5,2
6/7/2020,2020,19,5,2
6/8/2020,2020,19,5,2
6/9/2020,2020,19,5,2
6/10/2020,2020,19,5,2
6/11/2020,2020,19,5,2
6/12/2020,2020,19,5,2
6/13/2020,2020,20,5,2
6/14/2020,2020,20,5,2
6/15/2020,2020,20,5,2
6/16/2020,2020,20,5,2
6/17/2020,2020,20,5,2
6/18/2020,2020,20,5,2
6/19/2020,2020,20,5,2
6/20/2020,2020,21,5,2
6/21/2020,2020,21,5,2
6/22/2020,2020,21,5,2
6/23/2020,2020,21,5,2
6/24/2020,2020,21,5,2
6/25/2020,2020,21,5,2
6/26/2020,2020,21,5,2
6/27/2020,2020,22,5,2
6/28/2020,2020,22,5,2
6/29/2020,2020,22,5,2
6/30/2020,2020,22,5,2
7/1/2020,2020,22,5,2
7/2/2020,2020,22,5,2
7/3/2020,2020,22,5,2
7/4/2020,2020,23,6,2
7/5/2020,2020,23,6,2
7/6/2020,2020,23,6,2
7/7/2020,2020,23,6,2
7/8/2020,2020,23,6,2
7/9/2020,2020,23,6,2
7/10/2020,2020,23,6,2
7/11/2020,2020,24,6,2
7/12/2020,2020,24,6,2
7/13/2020,2020,24,6,2
7/14/2020,2020,24,6,2
7/15/2020,2020,24,6,2
7/16/2020,2020,24,6,2
7/17/2020,2020,24,6,2
7/18/2020,2020,25,6,2
7/19/2020,2020,25,6,2
7/20/2020,2020,25,6,2
7/21/2020,2020,25,6,2
7/22/2020,2020,25,6,2
7/23/2020,2020,25,6,2
7/24/2020,2020,25,6,2
7/25/2020,2020,26,6,2
7/26/2020,2020,26,6,2
7/27/2020,2020,26,6,2
7/28/2020,2020,26,6,2
7/29/2020,2020,26,6,2
7/30/2020,2020,26,6,2
7/31/2020,2020,26,6,2
8/1/2020,2020,27,7,3
8/2/2020,2020,27,7,3
8/3/2020,2020,27,7,3
8/4/2020,2020,27,7,3
8/5/2020,2020,27,7,3
8/6/2020,2020,27,7,3
8/7/2020,2020,27,7,3
8/8/2020,2020,28,7,3
8/9/2020,2020,28,7,3
8/10/2020,2020,28,7,3
8/11/2020,2020,28,7,3
8/12/2020,2020,28,7,3
8/13/2020,2020,28,7,3
8/14/2020,2020,28,7,3
8/15/2020,2020,29,7,3
8/16/2020,2020,29,7,3
8/17/2020,2020,29,7,3
8/18/2020,2020,29,7,3
8/19/2020,2020,29,7,3
8/20/2020,2020,29,7,3
8/21/2020,2020,29,7,3
8/22/2020,2020,30,7,3
8/23/2020,2020,30,7,3
8/24/2020,2020,30,7,3
8/25/2020,2020,30,7,3
8/26/2020,2020,30,7,3
8/27/2020,2020,30,7,3
8/28/2020,2020,30,7,3
8/29/2020,2020,31,8,3
8/30/2020,2020,31,8,3
8/31/2020,2020,31,8,3
9/1/2020,2020,31,8,3
9/2/2020,2020,31,8,3
9/3/2020,2020,31,8,3
9/4/2020,2020,31,8,3
9/5/2020,2020,32,8,3
9/6/2020,2020,32,8,3
9/7/2020,2020,32,8,3
9/8/2020,2020,32,8,3
9/9/2020,2020,32,8,3
9/10/2020,2020,32,8,3
9/11/2020,2020,32,8,3
9/12/2020,2020,33,8,3
9/13/2020,2020,33,8,3
9/14/2020,2020,33,8,3
9/15/2020,2020,33,8,3
9/16/2020,2020,33,8,3
9/17/2020,2020,33,8,3
9/18/2020,2020,33,8,3
9/19/2020,2020,34,8,3
9/20/2020,2020,34,8,3
9/21/2020,2020,34,8,3
9/22/2020,2020,34,8,3
9/23/2020,2020,34,8,3
9/24/2020,2020,34,8,3
9/25/2020,2020,34,8,3
9/26/2020,2020,35,8,3
9/27/2020,2020,35,8,3
9/28/2020,2020,35,8,3
9/29/2020,2020,35,8,3
9/30/2020,2020,35,8,3
10/1/2020,2020,35,8,3
10/2/2020,2020,35,8,3
10/3/2020,2020,36,9,3
10/4/2020,2020,36,9,3
10/5/2020,2020,36,9,3
10/6/2020,2020,36,9,3
10/7/2020,2020,36,9,3
10/8/2020,2020,36,9,3
10/9/2020,2020,36,9,3
10/10/2020,2020,37,9,3
10/11/2020,2020,37,9,3
10/12/2020,2020,37,9,3
10/13/2020,2020,37,9,3
10/14/2020,2020,37,9,3
10/15/2020,2020,37,9,3
10/16/2020,2020,37,9,3
10/17/2020,2020,38,9,3
10/18/2020,2020,38,9,3
10/19/2020,2020,38,9,3
10/20/2020,2020,38,9,3
10/21/2020,2020,38,9,3
10/22/2020,2020,38,9,3
10/23/2020,2020,38,9,3
10/24/2020,2020,39,9,3
10/25/2020,2020,39,9,3
10/26/2020,2020,39,9,3
10/27/2020,2020,39,9,3
10/28/2020,2020,39,9,3
10/29/2020,2020,39,9,3
10/30/2020,2020,39,9,3
10/31/2020,2020,40,10,4
11/1/2020,2020,40,10,4
11/2/2020,2020,40,10,4
11/3/2020,2020,40,10,4
11/4/2020,2020,40,10,4
11/5/2020,2020,40,10,4
11/6/2020,2020,40,10,4
11/7/2020,2020,41,10,4
11/8/2020,2020,41,10,4
11/9/2020,2020,41,10,4
11/10/2020,2020,41,10,4
11/11/2020,2020,41,10,4
11/12/2020,2020,41,10,4
11/13/2020,2020,41,10,4
11/14/2020,2020,42,10,4
11/15/2020,2020,42,10,4
11/16/2020,2020,42,10,4
11/17/2020,2020,42,10,4
11/18/2020,2020,42,10,4
11/19/2020,2020,42,10,4
11/20/2020,2020,42,10,4
11/21/2020,2020,43,10,4
11/22/2020,2020,43,10,4
11/23/2020,2020,43,10,4
11/24/2020,2020,43,10,4
11/25/2020,2020,43,10,4
11/26/2020,2020,43,10,4
11/27/2020,2020,43,10,4
11/28/2020,2020,44,11,4
11/29/2020,2020,44,11,4
11/30/2020,2020,44,11,4
12/1/2020,2020,44,11,4
12/2/2020,2020,44,11,4
12/3/2020,2020,44,11,4
12/4/2020,2020,44,11,4
12/5/2020,2020,45,11,4
12/6/2020,2020,45,11,4
12/7/2020,2020,45,11,4
12/8/2020,2020,45,11,4
12/9/2020,2020,45,11,4
12/10/2020,2020,45,11,4
12/11/2020,2020,45,11,4
12/12/2020,2020,46,11,4
12/13/2020,2020,46,11,4
12/14/2020,2020,46,11,4
12/15/2020,2020,46,11,4
12/16/2020,2020,46,11,4
12/17/2020,2020,46,11,4
12/18/2020,2020,46,11,4
12/19/2020,2020,47,11,4
12/20/2020,2020,47,11,4
12/21/2020,2020,47,11,4
12/22/2020,2020,47,11,4
12/23/2020,2020,47,11,4
12/24/2020,2020,47,11,4
12/25/2020,2020,47,11,4
12/26/2020,2020,48,11,4
12/27/2020,2020,48,11,4
12/28/2020,2020,48,11,4
12/29/2020,2020,48,11,4
12/30/2020,2020,48,11,4
12/31/2020,2020,48,11,4
1/1/2021,2020,48,11,4
1/2/2021,2020,49,12,4
1/3/2021,2020,49,12,4
1/4/2021,2020,49,12,4
1/5/2021,2020,49,12,4
1/6/2021,2020,49,12,4
1/7/2021,2020,49,12,4
1/8/2021,2020,49,12,4
1/9/2021,2020,50,12,4
1/10/2021,2020,50,12,4
1/11/2021,2020,50,12,4
1/12/2021,2020,50,12,4
1/13/2021,2020,50,12,4
1/14/2021,2020,50,12,4
1/15/2021,2020,50,12,4
1/16/2021,2020,51,12,4
1/17/2021,2020,51,12,4
1/18/2021,2020,51,12,4
1/19/2021,2020,51,12,4
1/20/2021,2020,51,12,4
1/21/2021,2020,51,12,4
1/22/2021,2020,51,12,4
1/23/2021,2020,52,12,4
1/24/2021,2020,52,12,4
1/25/2021,2020,52,12,4
1/26/2021,2020,52,12,4
1/27/2021,2020,52,12,4
1/28/2021,2020,52,12,4
1/29/2021,2020,52,12,4
1/30/2021,2020,53,12,4
1/31/2021,2020,53,12,4
2/1/2021,2021,1,1,1
2/2/2021,2021,1,1,1
2/3/2021,2021,1,1,1
2/4/2021,2021,1,1,1
2/5/2021,2021,1,1,1
2/6/2021,2021,1,1,1
2/7/2021,2021,1,1,1
2/8/2021,2021,2,1,1
2/9/2021,2021,2,1,1
2/10/2021,2021,2,1,1
2/11/2021,2021,2,1,1
2/12/2021,2021,2,1,1
2/13/2021,2021,2,1,1
2/14/2021,2021,2,1,1
2/15/2021,2021,3,1,1
2/16/2021,2021,3,1,1
2/17/2021,2021,3,1,1
2/18/2021,2021,3,1,1
2/19/2021,2021,3,1,1
2/20/2021,2021,3,1,1
2/21/2021,2021,3,1,1
2/22/2021,2021,4,1,1
2/23/2021,2021,4,1,1
2/24/2021,2021,4,1,1
2/25/2021,2021,4,1,1
2/26/2021,2021,4,1,1
2/27/2021,2021,4,1,1
2/28/2021,2021,4,1,1
3/1/2021,2021,5,2,1
3/2/2021,2021,5,2,1
3/3/2021,2021,5,2,1
3/4/2021,2021,5,2,1
3/5/2021,2021,5,2,1
3/6/2021,2021,5,2,1
3/7/2021,2021,5,2,1
3/8/2021,2021,6,2,1
3/9/2021,2021,6,2,1
3/10/2021,2021,6,2,1
3/11/2021,2021,6,2,1
3/12/2021,2021,6,2,1
3/13/2021,2021,6,2,1
3/14/2021,2021,6,2,1
3/15/2021,2021,7,2,1
3/16/2021,2021,7,2,1
3/17/2021,2021,7,2,1
3/18/2021,2021,7,2,1
3/19/2021,2021,7,2,1
3/20/2021,2021,7,2,1
3/21/2021,2021,7,2,1
3/22/2021,2021,8,2,1
3/23/2021,2021,8,2,1
3/24/2021,2021,8,2,1
3/25/2021,2021,8,2,1
3/26/2021,2021,8,2,1
3/27/2021,2021,8,2,1
3/28/2021,2021,8,2,1
3/29/2021,2021,9,2,1
3/30/2021,2021,9,2,1
3/31/2021,2021,9,2,1
4/1/2021,2021,9,2,1
4/2/2021,2021,9,2,1
4/3/2021,2021,9,2,1
4/4/2021,2021,9,2,1
4/5/2021,2021,10,3,1
4/6/2021,2021,10,3,1
4/7/2021,2021,10,3,1
4/8/2021,2021,10,3,1
4/9/2021,2021,10,3,1
4/10/2021,2021,10,3,1
4/11/2021,2021,10,3,1
4/12/2021,2021,11,3,1
4/13/2021,2021,11,3,1
4/14/2021,2021,11,3,1
4/15/2021,2021,11,3,1
4/16/2021,2021,11,3,1
4/17/2021,2021,11,3,1
4/18/2021,2021,11,3,1
4/19/2021,2021,12,3,1
4/20/2021,2021,12,3,1
4/21/2021,2021,12,3,1
4/22/2021,2021,12,3,1
4/23/2021,2021,12,3,1
4/24/2021,2021,12,3,1
4/25/2021,2021,12,3,1
4/26/2021,2021,13,3,1
4/27/2021,2021,13,3,1
4/28/2021,2021,13,3,1
4/29/2021,2021,13,3,1
4/30/2021,2021,13,3,1
5/1/2021,2021,13,3,1
5/2/2021,2021,13,3,1
5/3/2021,2021,14,4,2
5/4/2021,2021,14,4,2
5/5/2021,2021,14,4,2
5/6/2021,2021,14,4,2
5/7/2021,2021,14,4,2
5/8/2021,2021,14,4,2
5/9/2021,2021,14,4,2
5/10/2021,2021,15,4,2
5/11/2021,2021,15,4,2
5/12/2021,2021,15,4,2
5/13/2021,2021,15,4,2
5/14/2021,2021,15,4,2
5/15/2021,2021,15,4,2
5/16/2021,2021,15,4,2
5/17/2021,2021,16,4,2
5/18/2021,2021,16,4,2
5/19/2021,2021,16,4,2
5/20/2021,2021,16,4,2
5/21/2021,2021,16,4,2
5/22/2021,2021,16,4,2
5/23/2021,2021,16,4,2
5/24/2021,2021,17,4,2
5/25/2021,2021,17,4,2
5/26/2021,2021,17,4,2
5/27/2021,2021,17,4,2
5/28/2021,2021,17,4,2
5/29/2021,2021,17,4,2
5/30/2021,2021,17,4,2
5/31/2021,2021,18,5,2
6/1/2021,2021,18,5,2
6/2/2021,2021,18,5,2
6/3/2021,2021,18,5,2
6/4/2021,2021,18,5,2
6/5/2021,2021,18,5,2
6/6/2021,2021,18,5,2
6/7/2021,2021,19,5,2
6/8/2021,2021,19,5,2
6/9/2021,2021,19,5,2
6/10/2021,2021,19,5,2
6/11/2021,2021,19,5,2
6/12/2021,2021,19,5,2
6/13/2021,2021,19,5,2
6/14/2021,2021,20,5,2
6/15/2021,2021,20,5,2
6/16/2021,2021,20,5,2
6/17/2021,2021,20,5,2
6/18/2021,2021,20,5,2
6/19/2021,2021,20,5,2
6/20/2021,2021,20,5,2
6/21/2021,2021,21,5,2
6/22/2021,2021,21,5,2
6/23/2021,2021,21,5,2
6/24/2021,2021,21,5,2
6/25/2021,2021,21,5,2
6/26/2021,2021,21,5,2
6/27/2021,2021,21,5,2
6/28/2021,2021,22,5,2
6/29/2021,2021,22,5,2
6/30/2021,2021,22,5,2
7/1/2021,2021,22,5,2
7/2/2021,2021,22,5,2
7/3/2021,2021,22,5,2
7/4/2021,2021,22,5,2
7/5/2021,2021,23,6,2
7/6/2021,2021,23,6,2
7/7/2021,2021,23,6,2
7/8/2021,2021,23,6,2
7/9/2021,2021,23,6,2
7/10/2021,2021,23,6,2
7/11/2021,2021,23,6,2
7/12/2021,2021,24,6,2
7/13/2021,2021,24,6,2
7/14/2021,2021,24,6,2
7/15/2021,2021,24,6,2
7/16/2021,2021,24,6,2
7/17/2021,2021,24,6,2
7/18/2021,2021,24,6,2
7/19/2021,2021,25,6,2
7/20/2021,2021,25,6,2
7/21/2021,2021,25,6,2
7/22/2021,2021,25,6,2
7/23/2021,2021,25,6,2
7/24/2021,2021,25,6,2
7/25/2021,2021,25,6,2
7/26/2021,2021,26,6,2
7/27/2021,2021,26,6,2
7/28/2021,2021,26,6,2
7/29/2021,2021,26,6,2
7/30/2021,2021,26,6,2
7/31/2021,2021,26,6,2
8/1/2021,2021,26,6,2
8/2/2021,2021,27,7,3
8/3/2021,2021,27,7,3
8/4/2021,2021,27,7,3
8/5/2021,2021,27,7,3
8/6/2021,2021,27,7,3
8/7/2021,2021,27,7,3
8/8/2021,2021,27,7,3
8/9/2021,2021,28,7,3
8/10/2021,2021,28,7,3
8/11/2021,2021,28,7,3
8/12/2021,2021,28,7,3
8/13/2021,2021,28,7,3
8/14/2021,2021,28,7,3
8/15/2021,2021,28,7,3
8/16/2021,2021,29,7,3
8/17/2021,2021,29,7,3
8/18/2021,2021,29,7,3
8/19/2021,2021,29,7,3
8/20/2021,2021,29,7,3
8/21/2021,2021,29,7,3
8/22/2021,2021,29,7,3
8/23/2021,2021,30,7,3
8/24/2021,2021,30,7,3
8/25/2021,2021,30,7,3
8/26/2021,2021,30,7,3
8/27/2021,2021,30,7,3
8/28/2021,2021,30,7,3
8/29/2021,2021,30,7,3
8/30/2021,2021,31,8,3
8/31/2021,2021,31,8,3
9/1/2021,2021,31,8,3
9/2/2021,2021,31,8,3
9/3/2021,2021,31,8,3
9/4/2021,2021,31,8,3
9/5/2021,2021,31,8,3
9/6/2021,2021,32,8,3
9/7/2021,2021,32,8,3
9/8/2021,2021,32,8,3
9/9/2021,2021,32,8,3
9/10/2021,2021,32,8,3
9/11/2021,2021,32,8,3
9/12/2021,2021,32,8,3
9/13/2021,2021,33,8,3
9/14/2021,2021,33,8,3
9/15/2021,2021,33,8,3
9/16/2021,2021,33,8,3
9/17/2021,2021,33,8,3
9/18/2021,2021,33,8,3
9/19/2021,2021,33,8,3
9/20/2021,2021,34,8,3
9/21/2021,2021,34,8,3
9/22/2021,2021,34,8,3
9/23/2021,2021,34,8,3
9/24/2021,2021,34,8,3
9/25/2021,2021,34,8,3
9/26/2021,2021,34,8,3
9/27/2021,2021,35,8,3
9/28/2021,2021,35,8,3
9/29/2021,2021,35,8,3
9/30/2021,2021,35,8,3
10/1/2021,2021,35,8,3
10/2/2021,2021,35,8,3
10/3/2021,2021,35,8,3
10/4/2021,2021,36,9,3
10/5/2021,2021,36,9,3
10/6/2021,2021,36,9,3
10/7/2021,2021,36,9,3
10/8/2021,2021,36,9,3
10/9/2021,2021,36,9,3
10/10/2021,2021,36,9,3
10/11/2021,2021,37,9,3
10/12/2021,2021,37,9,3
10/13/2021,2021,37,9,3
10/14/2021,2021,37,9,3
10/15/2021,2021,37,9,3
10/16/2021,2021,37,9,3
10/17/2021,2021,37,9,3
10/18/2021,2021,38,9,3
10/19/2021,2021,38,9,3
10/20/2021,2021,38,9,3
10/21/2021,2021,38,9,3
10/22/2021,2021,38,9,3
10/23/2021,2021,38,9,3
10/24/2021,2021,38,9,3
10/25/2021,2021,39,9,3
10/26/2021,2021,39,9,3
10/27/2021,2021,39,9,3
10/28/2021,2021,39,9,3
10/29/2021,2021,39,9,3
10/30/2021,2021,39,9,3
10/31/2021,2021,39,9,3
11/1/2021,2021,40,10,4
11/2/2021,2021,40,10,4
11/3/2021,2021,40,10,4
11/4/2021,2021,40,10,4
11/5/2021,2021,40,10,4
11/6/2021,2021,40,10,4
11/7/2021,2021,40,10,4
11/8/2021,2021,41,10,4
11/9/2021,2021,41,10,4
11/10/2021,2021,41,10,4
11/11/2021,2021,41,10,4
11/12/2021,2021,41,10,4
11/13/2021,2021,41,10,4
11/14/2021,2021,41,10,4
11/15/2021,2021,42,10,4
11/16/2021,2021,42,10,4
11/17/2021,2021,42,10,4
11/18/2021,2021,42,10,4
11/19/2021,2021,42,10,4
11/20/2021,2021,42,10,4
11/21/2021,2021,42,10,4
11/22/2021,2021,43,10,4
11/23/2021,2021,43,10,4
11/24/2021,2021,43,10,4
11/25/2021,2021,43,10,4
11/26/2021,2021,43,10,4
11/27/2021,2021,43,10,4
11/28/2021,2021,43,10,4
11/29/2021,2021,44,11,4
11/30/2021,2021,44,11,4
12/1/2021,2021,44,11,4
12/2/2021,2021,44,11,4
12/3/2021,2021,44,11,4
12/4/2021,2021,44,11,4
12/5/2021,2021,44,11,4
12/6/2021,2021,45,11,4
12/7/2021,2021,45,11,4
12/8/2021,2021,45,11,4
12/9/2021,2021,45,11,4
12/10/2021,2021,45,11,4
12/11/2021,2021,45,11,4
12/12/2021,2021,45,11,4
12/13/2021,2021,46,11,4
12/14/2021,2021,46,11,4
12/15/2021,2021,46,11,4
12/16/2021,2021,46,11,4
12/17/2021,2021,46,11,4
12/18/2021,2021,46,11,4
12/19/2021,2021,46,11,4
12/20/2021,2021,47,11,4
12/21/2021,2021,47,11,4
12/22/2021,2021,47,11,4
12/23/2021,2021,47,11,4
12/24/2021,2021,47,11,4
12/25/2021,2021,47,11,4
12/26/2021,2021,47,11,4
12/27/2021,2021,48,11,4
12/28/2021,2021,48,11,4
12/29/2021,2021,48,11,4
12/30/2021,2021,48,11,4
12/31/2021,2021,48,11,4
1/1/2022,2021,48,11,4
1/2/2022,2021,48,11,4
1/3/2022,2021,49,12,4
1/4/2022,2021,49,12,4
1/5/2022,2021,49,12,4
1/6/2022,2021,49,12,4
1/7/2022,2021,49,12,4
1/8/2022,2021,49,12,4
1/9/2022,2021,49,12,4
1/10/2022,2021,50,12,4
1/11/2022,2021,50,12,4
1/12/2022,2021,50,12,4
1/13/2022,2021,50,12,4
1/14/2022,2021,50,12,4
1/15/2022,2021,50,12,4
1/16/2022,2021,50,12,4
1/17/2022,2021,51,12,4
1/18/2022,2021,51,12,4
1/19/2022,2021,51,12,4
1/20/2022,2021,51,12,4
1/21/2022,2021,51,12,4
1/22/2022,2021,51,12,4
1/23/2022,2021,51,12,4
1/24/2022,2021,52,12,4
1/25/2022,2021,52,12,4
1/26/2022,2021,52,12,4
1/27/2022,2021,52,12,4
1/28/2022,2021,52,12,4
1/29/2022,2021,52,12,4
1/30/2022,2021,52,12,4
1/31/2022,2021,53,12,4
2/1/2022,2022,1,1,1
2/2/2022,2022,1,1,1
2/3/2022,2022,1,1,1
2/4/2022,2022,1,1,1
2/5/2022,2022,1,1,1
2/6/2022,2022,1,1,1
2/7/2022,2022,1,1,1
2/8/2022,2022,2,1,1
2/9/2022,2022,2,1,1
2/10/2022,2022,2,1,1
2/11/2022,2022,2,1,1
2/12/2022,2022,2,1,1
2/13/2022,2022,2,1,1
2/14/2022,2022,2,1,1
2/15/2022,2022,3,1,1
2/16/2022,2022,3,1,1
2/17/2022,2022,3,1,1
2/18/2022,2022,3,1,1
2/19/2022,2022,3,1,1
2/20/2022,2022,3,1,1
2/21/2022,2022,3,1,1
2/22/2022,2022,4,1,1
2/23/2022,2022,4,1,1
2/24/2022,2022,4,1,1
2/25/2022,2022,4,1,1
2/26/2022,2022,4,1,1
2/27/2022,2022,4,1,1
2/28/2022,2022,4,1,1
3/1/2022,2022,5,2,1
3/2/2022,2022,5,2,1
3/3/2022,2022,5,2,1
3/4/2022,2022,5,2,1
3/5/2022,2022,5,2,1
3/6/2022,2022,5,2,1
3/7/2022,2022,5,2,1
3/8/2022,2022,6,2,1
3/9/2022,2022,6,2,1
3/10/2022,2022,6,2,1
3/11/2022,2022,6,2,1
3/12/2022,2022,6,2,1
3/13/2022,2022,6,2,1
3/14/2022,2022,6,2,1
3/15/2022,2022,7,2,1
3/16/2022,2022,7,2,1
3/17/2022,2022,7,2,1
3/18/2022,2022,7,2,1
3/19/2022,2022,7,2,1
3/20/2022,2022,7,2,1
3/21/2022,2022,7,2,1
3/22/2022,2022,8,2,1
3/23/2022,2022,8,2,1
3/24/2022,2022,8,2,1
3/25/2022,2022,8,2,1
3/26/2022,2022,8,2,1
3/27/2022,2022,8,2,1
3/28/2022,2022,8,2,1
3/29/2022,2022,9,2,1
3/30/2022,2022,9,2,1
3/31/2022,2022,9,2,1
4/1/2022,2022,9,2,1
4/2/2022,2022,9,2,1
4/3/2022,2022,9,2,1
4/4/2022,2022,9,2,1
4/5/2022,2022,10,3,1
4/6/2022,2022,10,3,1
4/7/2022,2022,10,3,1
4/8/2022,2022,10,3,1
4/9/2022,2022,10,3,1
4/10/2022,2022,10,3,1
4/11/2022,2022,10,3,1
4/12/2022,2022,11,3,1
4/13/2022,2022,11,3,1
4/14/2022,2022,11,3,1
4/15/2022,2022,11,3,1
4/16/2022,2022,11,3,1
4/17/2022,2022,11,3,1
4/18/2022,2022,11,3,1
4/19/2022,2022,12,3,1
4/20/2022,2022,12,3,1
4/21/2022,2022,12,3,1
4/22/2022,2022,12,3,1
4/23/2022,2022,12,3,1
4/24/2022,2022,12,3,1
4/25/2022,2022,12,3,1
4/26/2022,2022,13,3,1
4/27/2022,2022,13,3,1
4/28/2022,2022,13,3,1
4/29/2022,2022,13,3,1
4/30/2022,2022,13,3,1
5/1/2022,2022,13,3,1
5/2/2022,2022,13,3,1
5/3/2022,2022,14,4,2
5/4/2022,2022,14,4,2
5/5/2022,2022,14,4,2
5/6/2022,2022,14,4,2
5/7/2022,2022,14,4,2
5/8/2022,2022,14,4,2
5/9/2022,2022,14,4,2
5/10/2022,2022,15,4,2
5/11/2022,2022,15,4,2
5/12/2022,2022,15,4,2
5/13/2022,2022,15,4,2
5/14/2022,2022,15,4,2
5/15/2022,2022,15,4,2
5/16/2022,2022,15,4,2
5/17/2022,2022,16,4,2
5/18/2022,2022,16,4,2
5/19/2022,2022,16,4,2
5/20/2022,2022,16,4,2
5/21/2022,2022,16,4,2
5/22/2022,2022,16,4,2
5/23/2022,2022,16,4,2
5/24/2022,2022,17,4,2
5/25/2022,2022,17,4,2
5/26/2022,2022,17,4,2
5/27/2022,2022,17,4,2
5/28/2022,2022,17,4,2
5/29/2022,2022,17,4,2
5/30/2022,2022,17,4,2
5/31/2022,2022,18,5,2
6/1/2022,2022,18,5,2
6/2/2022,2022,18,5,2
6/3/2022,2022,18,5,2
6/4/2022,2022,18,5,2
6/5/2022,2022,18,5,2
6/6/2022,2022,18,5,2
6/7/2022,2022,19,5,2
6/8/2022,2022,19,5,2
6/9/2022,2022,19,5,2
6/10/2022,2022,19,5,2
6/11/2022,2022,19,5,2
6/12/2022,2022,19,5,2
6/13/2022,2022,19,5,2
6/14/2022,2022,20,5,2
6/15/2022,2022,20,5,2
6/16/2022,2022,20,5,2
6/17/2022,2022,20,5,2
6/18/2022,2022,20,5,2
6/19/2022,2022,20,5,2
6/20/2022,2022,20,5,2
6/21/2022,2022,21,5,2
6/22/2022,2022,21,5,2
6/23/2022,2022,21,5,2
6/24/2022,2022,21,5,2
6/25/2022,2022,21,5,2
6/26/2022,2022,21,5,2
6/27/2022,2022,21,5,2
6/28/2022,2022,22,5,2
6/29/2022,2022,22,5,2
6/30/2022,2022,22,5,2
7/1/2022,2022,22,5,2
7/2/2022,2022,22,5,2
7/3/2022,2022,22,5,2
7/4/2022,2022,22,5,2
7/5/2022,2022,23,6,2
7/6/2022,2022,23,6,2
7/7/2022,2022,23,6,2
7/8/2022,2022,23,6,2
7/9/2022,2022,23,6,2
7/10/2022,2022,23,6,2
7/11/2022,2022,23,6,2
7/12/2022,2022,24,6,2
7/13/2022,2022,24,6,2
7/14/2022,2022,24,6,2
7/15/2022,2022,24,6,2
7/16/2022,2022,24,6,2
7/17/2022,2022,24,6,2
7/18/2022,2022,24,6,2
7/19/2022,2022,25,6,2
7/20/2022,2022,25,6,2
7/21/2022,2022,25,6,2
7/22/2022,2022,25,6,2
7/23/2022,2022,25,6,2
7/24/2022,2022,25,6,2
7/25/2022,2022,25,6,2
7/26/2022,2022,26,6,2
7/27/2022,2022,26,6,2
7/28/2022,2022,26,6,2
7/29/2022,2022,26,6,2
7/30/2022,2022,26,6,2
7/31/2022,2022,26,6,2
8/1/2022,2022,26,6,2
8/2/2022,2022,27,7,3
8/3/2022,2022,27,7,3
8/4/2022,2022,27,7,3
8/5/2022,2022,27,7,3
8/6/2022,2022,27,7,3
8/7/2022,2022,27,7,3
8/8/2022,2022,27,7,3
8/9/2022,2022,28,7,3
8/10/2022,2022,28,7,3
8/11/2022,2022,28,7,3
8/12/2022,2022,28,7,3
8/13/2022,2022,28,7,3
8/14/2022,2022,28,7,3
8/15/2022,2022,28,7,3
8/16/2022,2022,29,7,3
8/17/2022,2022,29,7,3
8/18/2022,2022,29,7,3
8/19/2022,2022,29,7,3
8/20/2022,2022,29,7,3
8/21/2022,2022,29,7,3
8/22/2022,2022,29,7,3
8/23/2022,2022,30,7,3
8/24/2022,2022,30,7,3
8/25/2022,2022,30,7,3
8/26/2022,2022,30,7,3
8/27/2022,2022,30,7,3
8/28/2022,2022,30,7,3
8/29/2022,2022,30,7,3
8/30/2022,2022,31,8,3
8/31/2022,2022,31,8,3
9/1/2022,2022,31,8,3
9/2/2022,2022,31,8,3
9/3/2022,2022,31,8,3
9/4/2022,2022,31,8,3
9/5/2022,2022,31,8,3
9/6/2022,2022,32,8,3
9/7/2022,2022,32,8,3
9/8/2022,2022,32,8,3
9/9/2022,2022,32,8,3
9/10/2022,2022,32,8,3
9/11/2022,2022,32,8,3
9/12/2022,2022,32,8,3
9/13/2022,2022,33,8,3
9/14/2022,2022,33,8,3
9/15/2022,2022,33,8,3
9/16/2022,2022,33,8,3
9/17/2022,2022,33,8,3
9/18/2022,2022,33,8,3
9/19/2022,2022,33,8,3
9/20/2022,2022,34,8,3
9/21/2022,2022,34,8,3
9/22/2022,2022,34,8,3
9/23/2022,2022,34,8,3
9/24/2022,2022,34,8,3
9/25/2022,2022,34,8,3
9/26/2022,2022,34,8,3
9/27/2022,2022,35,8,3
9/28/2022,2022,35,8,3
9/29/2022,2022,35,8,3
9/30/2022,2022,35,8,3
10/1/2022,2022,35,8,3
10/2/2022,2022,35,8,3
10/3/2022,2022,35,8,3
10/4/2022,2022,36,9,3
10/5/2022,2022,36,9,3
10/6/2022,2022,36,9,3
10/7/2022,2022,36,9,3
10/8/2022,2022,36,9,3
10/9/2022,2022,36,9,3
10/10/2022,2022,36,9,3
10/11/2022,2022,37,9,3
10/12/2022,2022,37,9,3
10/13/2022,2022,37,9,3
10/14/2022,2022,37,9,3
10/15/2022,2022,37,9,3
10/16/2022,2022,37,9,3
10/17/2022,2022,37,9,3
10/18/2022,2022,38,9,3
10/19/2022,2022,38,9,3
10/20/2022,2022,38,9,3
10/21/2022,2022,38,9,3
10/22/2022,2022,38,9,3
10/23/2022,2022,38,9,3
10/24/2022,2022,38,9,3
10/25/2022,2022,39,9,3
10/26/2022,2022,39,9,3
10/27/2022,2022,39,9,3
10/28/2022,2022,39,9,3
10/29/2022,2022,39,9,3
10/30/2022,2022,39,9,3
10/31/2022,2022,39,9,3
11/1/2022,2022,40,10,4
11/2/2022,2022,40,10,4
11/3/2022,2022,40,10,4
11/4/2022,2022,40,10,4
11/5/2022,2022,40,10,4
11/6/2022,2022,40,10,4
11/7/2022,2022,40,10,4
11/8/2022,2022,41,10,4
11/9/2022,2022,41,10,4
11/10/2022,2022,41,10,4
11/11/2022,2022,41,10,4
11/12/2022,2022,41,10,4
11/13/2022,2022,41,10,4
11/14/2022,2022,41,10,4
11/15/2022,2022,42,10,4
11/16/2022,2022,42,10,4
11/17/2022,2022,42,10,4
11/18/2022,2022,42,10,4
11/19/2022,2022,42,10,4
11/20/2022,2022,42,10,4
11/21/2022,2022,42,10,4
11/22/2022,2022,43,10,4
11/23/2022,2022,43,10,4
11/24/2022,2022,43,10,4
11/25/2022,2022,43,10,4
11/26/2022,2022,43,10,4
11/27/2022,2022,43,10,4
11/28/2022,2022,43,10,4
11/29/2022,2022,44,11,4
11/30/2022,2022,44,11,4
12/1/2022,2022,44,11,4
12/2/2022,2022,44,11,4
12/3/2022,2022,44,11,4
12/4/2022,2022,44,11,4
12/5/2022,2022,44,11,4
12/6/2022,2022,45,11,4
12/7/2022,2022,45,11,4
12/8/2022,2022,45,11,4
12/9/2022,2022,45,11,4
12/10/2022,2022,45,11,4
12/11/2022,2022,45,11,4
12/12/2022,2022,45,11,4
12/13/2022,2022,46,11,4
12/14/2022,2022,46,11,4
12/15/2022,2022,46,11,4
12/16/2022,2022,46,11,4
12/17/2022,2022,46,11,4
12/18/2022,2022,46,11,4
12/19/2022,2022,46,11,4
12/20/2022,2022,47,11,4
12/21/2022,2022,47,11,4
12/22/2022,2022,47,11,4
12/23/2022,2022,47,11,4
12/24/2022,2022,47,11,4
12/25/2022,2022,47,11,4
12/26/2022,2022,47,11,4
12/27/2022,2022,48,11,4
12/28/2022,2022,48,11,4
12/29/2022,2022,48,11,4
12/30/2022,2022,48,11,4
12/31/2022,2022,48,11,4
1/1/2023,2022,48,11,4
1/2/2023,2022,48,11,4
1/3/2023,2022,49,12,4
1/4/2023,2022,49,12,4
1/5/2023,2022,49,12,4
1/6/2023,2022,49,12,4
1/7/2023,2022,49,12,4
1/8/2023,2022,49,12,4
1/9/2023,2022,49,12,4
1/10/2023,2022,50,12,4
1/11/2023,2022,50,12,4
1/12/2023,2022,50,12,4
1/13/2023,2022,50,12,4
1/14/2023,2022,50,12,4
1/15/2023,2022,50,12,4
1/16/2023,2022,50,12,4
1/17/2023,2022,51,12,4
1/18/2023,2022,51,12,4
1/19/2023,2022,51,12,4
1/20/2023,2022,51,12,4
1/21/2023,2022,51,12,4
1/22/2023,2022,51,12,4
1/23/2023,2022,51,12,4
1/24/2023,2022,52,12,4
1/25/2023,2022,52,12,4
1/26/2023,2022,52,12,4
1/27/2023,2022,52,12,4
1/28/2023,2022,52,12,4
1/29/2023,2022,52,12,4
1/30/2023,2022,52,12,4
1/31/2023,2022,53,12,4
2/1/2023,2023,1,1,1
2/2/2023,2023,1,1,1
2/3/2023,2023,1,1,1
2/4/2023,2023,1,1,1
2/5/2023,2023,1,1,1
2/6/2023,2023,1,1,1
2/7/2023,2023,1,1,1
2/8/2023,2023,2,1,1
2/9/2023,2023,2,1,1
2/10/2023,2023,2,1,1
2/11/2023,2023,2,1,1
2/12/2023,2023,2,1,1
2/13/2023,2023,2,1,1
2/14/2023,2023,2,1,1
2/15/2023,2023,3,1,1
2/16/2023,2023,3,1,1
2/17/2023,2023,3,1,1
2/18/2023,2023,3,1,1
2/19/2023,2023,3,1,1
2/20/2023,2023,3,1,1
2/21/2023,2023,3,1,1
2/22/2023,2023,4,1,1
2/23/2023,2023,4,1,1
2/24/2023,2023,4,1,1
2/25/2023,2023,4,1,1
2/26/2023,2023,4,1,1
2/27/2023,2023,4,1,1
2/28/2023,2023,4,1,1
3/1/2023,2023,5,2,1
3/2/2023,2023,5,2,1
3/3/2023,2023,5,2,1
3/4/2023,2023,5,2,1
3/5/2023,2023,5,2,1
3/6/2023,2023,5,2,1
3/7/2023,2023,5,2,1
3/8/2023,2023,6,2,1
3/9/2023,2023,6,2,1
3/10/2023,2023,6,2,1
3/11/2023,2023,6,2,1
3/12/2023,2023,6,2,1
3/13/2023,2023,6,2,1
3/14/2023,2023,6,2,1
3/15/2023,2023,7,2,1
3/16/2023,2023,7,2,1
3/17/2023,2023,7,2,1
3/18/2023,2023,7,2,1
3/19/2023,2023,7,2,1
3/20/2023,2023,7,2,1
3/21/2023,2023,7,2,1
3/22/2023,2023,8,2,1
3/23/2023,2023,8,2,1
3/24/2023,2023,8,2,1
3/25/2023,2023,8,2,1
3/26/2023,2023,8,2,1
3/27/2023,2023,8,2,1
3/28/2023,2023,8,2,1
3/29/2023,2023,9,2,1
3/30/2023,2023,9,2,1
3/31/2023,2023,9,2,1
4/1/2023,2023,9,2,1
4/2/2023,2023,9,2,1
4/3/2023,2023,9,2,1
4/4/2023,2023,9,2,1
4/5/2023,2023,10,3,1
4/6/2023,2023,10,3,1
4/7/2023,2023,10,3,1
4/8/2023,2023,10,3,1
4/9/2023,2023,10,3,1
4/10/2023,2023,10,3,1
4/11/2023,2023,10,3,1
4/12/2023,2023,11,3,1
4/13/2023,2023,11,3,1
4/14/2023,2023,11,3,1
4/15/2023,2023,11,3,1
4/16/2023,2023,11,3,1
4/17/2023,2023,11,3,1
4/18/2023,2023,11,3,1
4/19/2023,2023,12,3,1
4/20/2023,2023,12,3,1
4/21/2023,2023,12,3,1
4/22/2023,2023,12,3,1
4/23/2023,2023,12,3,1
4/24/2023,2023,12,3,1
4/25/2023,2023,12,3,1
4/26/2023,2023,13,3,1
4/27/2023,2023,13,3,1
4/28/2023,2023,13,3,1
4/29/2023,2023,13,3,1
4/30/2023,2023,13,3,1
5/1/2023,2023,13,3,1
5/2/2023,2023,13,3,1
5/3/2023,2023,14,4,2
5/4/2023,2023,14,4,2
5/5/2023,2023,14,4,2
5/6/2023,2023,14,4,2
5/7/2023,2023,14,4,2
5/8/2023,2023,14,4,2
5/9/2023,2023,14,4,2
5/10/2023,2023,15,4,2
5/11/2023,2023,15,4,2
5/12/2023,2023,15,4,2
5/13/2023,2023,15,4,2
5/14/2023,2023,15,4,2
5/15/2023,2023,15,4,2
5/16/2023,2023,15,4,2
5/17/2023,2023,16,4,2
5/18/2023,2023,16,4,2
5/19/2023,2023,16,4,2
5/20/2023,2023,16,4,2
5/21/2023,2023,16,4,2
5/22/2023,2023,16,4,2
5/23/2023,2023,16,4,2
5/24/2023,2023,17,4,2
5/25/2023,2023,17,4,2
5/26/2023,2023,17,4,2
5/27/2023,2023,17,4,2
5/28/2023,2023,17,4,2
5/29/2023,2023,17,4,2
5/30/2023,2023,17,4,2
5/31/2023,2023,18,5,2
6/1/2023,2023,18,5,2
6/2/2023,2023,18,5,2
6/3/2023,2023,18,5,2
6/4/2023,2023,18,5,2
6/5/2023,2023,18,5,2
6/6/2023,2023,18,5,2
6/7/2023,2023,19,5,2
6/8/2023,2023,19,5,2
6/9/2023,2023,19,5,2
6/10/2023,2023,19,5,2
6/11/2023,2023,19,5,2
6/12/2023,2023,19,5,2
6/13/2023,2023,19,5,2
6/14/2023,2023,20,5,2
6/15/2023,2023,20,5,2
6/16/2023,2023,20,5,2
6/17/2023,2023,20,5,2
6/18/2023,2023,20,5,2
6/19/2023,2023,20,5,2
6/20/2023,2023,20,5,2
6/21/2023,2023,21,5,2
6/22/2023,2023,21,5,2
6/23/2023,2023,21,5,2
6/24/2023,2023,21,5,2
6/25/2023,2023,21,5,2
6/26/2023,2023,21,5,2
6/27/2023,2023,21,5,2
6/28/2023,2023,22,5,2
6/29/2023,2023,22,5,2
6/30/2023,2023,22,5,2
7/1/2023,2023,22,5,2
7/2/2023,2023,22,5,2
7/3/2023,2023,22,5,2
7/4/2023,2023,22,5,2
7/5/2023,2023,23,6,2
7/6/2023,2023,23,6,2
7/7/2023,2023,23,6,2
7/8/2023,2023,23,6,2
7/9/2023,2023,23,6,2
7/10/2023,2023,23,6,2
7/11/2023,2023,23,6,2
7/12/2023,2023,24,6,2
7/13/2023,2023,24,6,2
7/14/2023,2023,24,6,2
7/15/2023,2023,24,6,2
7/16/2023,2023,24,6,2
7/17/2023,2023,24,6,2
7/18/2023,2023,24,6,2
7/19/2023,2023,25,6,2
7/20/2023,2023,25,6,2
7/21/2023,2023,25,6,2
7/22/2023,2023,25,6,2
7/23/2023,2023,25,6,2
7/24/2023,2023,25,6,2
7/25/2023,2023,25,6,2
7/26/2023,2023,26,6,2
7/27/2023,2023,26,6,2
7/28/2023,2023,26,6,2
7/29/2023,2023,26,6,2
7/30/2023,2023,26,6,2
7/31/2023,2023,26,6,2
8/1/2023,2023,26,6,2
8/2/2023,2023,27,7,3
8/3/2023,2023,27,7,3
8/4/2023,2023,27,7,3
8/5/2023,2023,27,7,3
8/6/2023,2023,27,7,3
8/7/2023,2023,27,7,3
8/8/2023,2023,27,7,3
8/9/2023,2023,28,7,3
8/10/2023,2023,28,7,3
8/11/2023,2023,28,7,3
8/12/2023,2023,28,7,3
8/13/2023,2023,28,7,3
8/14/2023,2023,28,7,3
8/15/2023,2023,28,7,3
8/16/2023,2023,29,7,3
8/17/2023,2023,29,7,3
8/18/2023,2023,29,7,3
8/19/2023,2023,29,7,3
8/20/2023,2023,29,7,3
8/21/2023,2023,29,7,3
8/22/2023,2023,29,7,3
8/23/2023,2023,30,7,3
8/24/2023,2023,30,7,3
8/25/2023,2023,30,7,3
8/26/2023,2023,30,7,3
8/27/2023,2023,30,7,3
8/28/2023,2023,30,7,3
8/29/2023,2023,30,7,3
8/30/2023,2023,31,8,3
8/31/2023,2023,31,8,3
9/1/2023,2023,31,8,3
9/2/2023,2023,31,8,3
9/3/2023,2023,31,8,3
9/4/2023,2023,31,8,3
9/5/2023,2023,31,8,3
9/6/2023,2023,32,8,3
9/7/2023,2023,32,8,3
9/8/2023,2023,32,8,3
9/9/2023,2023,32,8,3
9/10/2023,2023,32,8,3
9/11/2023,2023,32,8,3
9/12/2023,2023,32,8,3
9/13/2023,2023,33,8,3
9/14/2023,2023,33,8,3
9/15/2023,2023,33,8,3
9/16/2023,2023,33,8,3
9/17/2023,2023,33,8,3
9/18/2023,2023,33,8,3
9/19/2023,2023,33,8,3
9/20/2023,2023,34,8,3
9/21/2023,2023,34,8,3
9/22/2023,2023,34,8,3
9/23/2023,2023,34,8,3
9/24/2023,2023,34,8,3
9/25/2023,2023,34,8,3
9/26/2023,2023,34,8,3
9/27/2023,2023,35,8,3
9/28/2023,2023,35,8,3
9/29/2023,2023,35,8,3
9/30/2023,2023,35,8,3
10/1/2023,2023,35,8,3
10/2/2023,2023,35,8,3
10/3/2023,2023,35,8,3
10/4/2023,2023,36,9,3
10/5/2023,2023,36,9,3
10/6/2023,2023,36,9,3
10/7/2023,2023,36,9,3
10/8/2023,2023,36,9,3
10/9/2023,2023,36,9,3
10/10/2023,2023,36,9,3
10/11/2023,2023,37,9,3
10/12/2023,2023,37,9,3
10/13/2023,2023,37,9,3
10/14/2023,2023,37,9,3
10/15/2023,2023,37,9,3
10/16/2023,2023,37,9,3
10/17/2023,2023,37,9,3
10/18/2023,2023,38,9,3
10/19/2023,2023,38,9,3
10/20/2023,2023,38,9,3
10/21/2023,2023,38,9,3
10/22/2023,2023,38,9,3
10/23/2023,2023,38,9,3
10/24/2023,2023,38,9,3
10/25/2023,2023,39,9,3
10/26/2023,2023,39,9,3
10/27/2023,2023,39,9,3
10/28/2023,2023,39,9,3
10/29/2023,2023,39,9,3
10/30/2023,2023,39,9,3
10/31/2023,2023,39,9,3
11/1/2023,2023,40,10,4
11/2/2023,2023,40,10,4
11/3/2023,2023,40,10,4
11/4/2023,2023,40,10,4
11/5/2023,2023,40,10,4
11/6/2023,2023,40,10,4
11/7/2023,2023,40,10,4
11/8/2023,2023,41,10,4
11/9/2023,2023,41,10,4
11/10/2023,2023,41,10,4
11/11/2023,2023,41,10,4
11/12/2023,2023,41,10,4
11/13/2023,2023,41,10,4
11/14/2023,2023,41,10,4
11/15/2023,2023,42,10,4
11/16/2023,2023,42,10,4
11/17/2023,2023,42,10,4
11/18/2023,2023,42,10,4
11/19/2023,2023,42,10,4
11/20/2023,2023,42,10,4
11/21/2023,2023,42,10,4
11/22/2023,2023,43,10,4
11/23/2023,2023,43,10,4
11/24/2023,2023,43,10,4
11/25/2023,2023,43,10,4
11/26/2023,2023,43,10,4
11/27/2023,2023,43,10,4
11/28/2023,2023,43,10,4
11/29/2023,2023,44,11,4
11/30/2023,2023,44,11,4
12/1/2023,2023,44,11,4
12/2/2023,2023,44,11,4
12/3/2023,2023,44,11,4
12/4/2023,2023,44,11,4
12/5/2023,2023,44,11,4
12/6/2023,2023,45,11,4
12/7/2023,2023,45,11,4
12/8/2023,2023,45,11,4
12/9/2023,2023,45,11,4
12/10/2023,2023,45,11,4
12/11/2023,2023,45,11,4
12/12/2023,2023,45,11,4
12/13/2023,2023,46,11,4
12/14/2023,2023,46,11,4
12/15/2023,2023,46,11,4
12/16/2023,2023,46,11,4
12/17/2023,2023,46,11,4
12/18/2023,2023,46,11,4
12/19/2023,2023,46,11,4
12/20/2023,2023,47,11,4
12/21/2023,2023,47,11,4
12/22/2023,2023,47,11,4
12/23/2023,2023,47,11,4
12/24/2023,2023,47,11,4
12/25/2023,2023,47,11,4
12/26/2023,2023,47,11,4
12/27/2023,2023,48,11,4
12/28/2023,2023,48,11,4
12/29/2023,2023,48,11,4
12/30/2023,2023,48,11,4
12/31/2023,2023,48,11,4
1/1/2024,2023,48,11,4
1/2/2024,2023,48,11,4
1/3/2024,2023,49,12,4
1/4/2024,2023,49,12,4
1/5/2024,2023,49,12,4
1/6/2024,2023,49,12,4
1/7/2024,2023,49,12,4
1/8/2024,2023,49,12,4
1/9/2024,2023,49,12,4
1/10/2024,2023,50,12,4
1/11/2024,2023,50,12,4
1/12/2024,2023,50,12,4
1/13/2024,2023,50,12,4
1/14/2024,2023,50,12,4
1/15/2024,2023,50,12,4
1/16/2024,2023,50,12,4
1/17/2024,2023,51,12,4
1/18/2024,2023,51,12,4
1/19/2024,2023,51,12,4
1/20/2024,2023,51,12,4
1/21/2024,2023,51,12,4
1/22/2024,2023,51,12,4
1/23/2024,2023,51,12,4
1/24/2024,2023,52,12,4
1/25/2024,2023,52,12,4
1/26/2024,2023,52,12,4
1/27/2024,2023,52,12,4
1/28/2024,2023,52,12,4
1/29/2024,2023,52,12,4
1/30/2024,2023,52,12,4
1/31/2024,2023,53,12,4
2/1/2024,2024,1,1,1
2/2/2024,2024,1,1,1
2/3/2024,2024,1,1,1
2/4/2024,2024,1,1,1
2/5/2024,2024,1,1,1
2/6/2024,2024,1,1,1
2/7/2024,2024,1,1,1
2/8/2024,2024,2,1,1
2/9/2024,2024,2,1,1
2/10/2024,2024,2,1,1
2/11/2024,2024,2,1,1
2/12/2024,2024,2,1,1
2/13/2024,2024,2,1,1
2/14/2024,2024,2,1,1
2/15/2024,2024,3,1,1
2/16/2024,2024,3,1,1
2/17/2024,2024,3,1,1
2/18/2024,2024,3,1,1
2/19/2024,2024,3,1,1
2/20/2024,2024,3,1,1
2/21/2024,2024,3,1,1
2/22/2024,2024,4,1,1
2/23/2024,2024,4,1,1
2/24/2024,2024,4,1,1
2/25/2024,2024,4,1,1
2/26/2024,2024,4,1,1
2/27/2024,2024,4,1,1
2/28/2024,2024,4,1,1
2/29/2024,2024,5,2,1
3/1/2024,2024,5,2,1
3/2/2024,2024,5,2,1
3/3/2024,2024,5,2,1
3/4/2024,2024,5,2,1
3/5/2024,2024,5,2,1
3/6/2024,2024,5,2,1
3/7/2024,2024,6,2,1
3/8/2024,2024,6,2,1
3/9/2024,2024,6,2,1
3/10/2024,2024,6,2,1
3/11/2024,2024,6,2,1
3/12/2024,2024,6,2,1
3/13/2024,2024,6,2,1
3/14/2024,2024,7,2,1
3/15/2024,2024,7,2,1
3/16/2024,2024,7,2,1
3/17/2024,2024,7,2,1
3/18/2024,2024,7,2,1
3/19/2024,2024,7,2,1
3/20/2024,2024,7,2,1
3/21/2024,2024,8,2,1
3/22/2024,2024,8,2,1
3/23/2024,2024,8,2,1
3/24/2024,2024,8,2,1
3/25/2024,2024,8,2,1
3/26/2024,2024,8,2,1
3/27/2024,2024,8,2,1
3/28/2024,2024,9,2,1
3/29/2024,2024,9,2,1
3/30/2024,2024,9,2,1
3/31/2024,2024,9,2,1
4/1/2024,2024,9,2,1
4/2/2024,2024,9,2,1
4/3/2024,2024,9,2,1
4/4/2024,2024,10,3,1
4/5/2024,2024,10,3,1
4/6/2024,2024,10,3,1
4/7/2024,2024,10,3,1
4/8/2024,2024,10,3,1
4/9/2024,2024,10,3,1
4/10/2024,2024,10,3,1
4/11/2024,2024,11,3,1
4/12/2024,2024,11,3,1
4/13/2024,2024,11,3,1
4/14/2024,2024,11,3,1
4/15/2024,2024,11,3,1
4/16/2024,2024,11,3,1
4/17/2024,2024,11,3,1
4/18/2024,2024,12,3,1
4/19/2024,2024,12,3,1
4/20/2024,2024,12,3,1
4/21/2024,2024,12,3,1
4/22/2024,2024,12,3,1
4/23/2024,2024,12,3,1
4/24/2024,2024,12,3,1
4/25/2024,2024,13,3,1
4/26/2024,2024,13,3,1
4/27/2024,2024,13,3,1
4/28/2024,2024,13,3,1
4/29/2024,2024,13,3,1
4/30/2024,2024,13,3,1
5/1/2024,2024,13,3,1
5/2/2024,2024,14,4,2
5/3/2024,2024,14,4,2
5/4/2024,2024,14,4,2
5/5/2024,2024,14,4,2
5/6/2024,2024,14,4,2
5/7/2024,2024,14,4,2
5/8/2024,2024,14,4,2
5/9/2024,2024,15,4,2
5/10/2024,2024,15,4,2
5/11/2024,2024,15,4,2
5/12/2024,2024,15,4,2
5/13/2024,2024,15,4,2
5/14/2024,2024,15,4,2
5/15/2024,2024,15,4,2
5/16/2024,2024,16,4,2
5/17/2024,2024,16,4,2
5/18/2024,2024,16,4,2
5/19/2024,2024,16,4,2
5/20/2024,2024,16,4,2
5/21/2024,2024,16,4,2
5/22/2024,2024,16,4,2
5/23/2024,2024,17,4,2
5/24/2024,2024,17,4,2
5/25/2024,2024,17,4,2
5/26/2024,2024,17,4,2
5/27/2024,2024,17,4,2
5/28/2024,2024,17,4,2
5/29/2024,2024,17,4,2
5/30/2024,2024,18,5,2
5/31/2024,2024,18,5,2
6/1/2024,2024,18,5,2
6/2/2024,2024,18,5,2
6/3/2024,2024,18,5,2
6/4/2024,2024,18,5,2
6/5/2024,2024,18,5,2
6/6/2024,2024,19,5,2
6/7/2024,2024,19,5,2
6/8/2024,2024,19,5,2
6/9/2024,2024,19,5,2
6/10/2024,2024,19,5,2
6/11/2024,2024,19,5,2
6/12/2024,2024,19,5,2
6/13/2024,2024,20,5,2
6/14/2024,2024,20,5,2
6/15/2024,2024,20,5,2
6/16/2024,2024,20,5,2
6/17/2024,2024,20,5,2
6/18/2024,2024,20,5,2
6/19/2024,2024,20,5,2
6/20/2024,2024,21,5,2
6/21/2024,2024,21,5,2
6/22/2024,2024,21,5,2
6/23/2024,2024,21,5,2
6/24/2024,2024,21,5,2
6/25/2024,2024,21,5,2
6/26/2024,2024,21,5,2
6/27/2024,2024,22,5,2
6/28/2024,2024,22,5,2
6/29/2024,2024,22,5,2
6/30/2024,2024,22,5,2
7/1/2024,2024,22,5,2
7/2/2024,2024,22,5,2
7/3/2024,2024,22,5,2
7/4/2024,2024,23,6,2
7/5/2024,2024,23,6,2
7/6/2024,2024,23,6,2
7/7/2024,2024,23,6,2
7/8/2024,2024,23,6,2
7/9/2024,2024,23,6,2
7/10/2024,2024,23,6,2
7/11/2024,2024,24,6,2
7/12/2024,2024,24,6,2
7/13/2024,2024,24,6,2
7/14/2024,2024,24,6,2
7/15/2024,2024,24,6,2
7/16/2024,2024,24,6,2
7/17/2024,2024,24,6,2
7/18/2024,2024,25,6,2
7/19/2024,2024,25,6,2
7/20/2024,2024,25,6,2
7/21/2024,2024,25,6,2
7/22/2024,2024,25,6,2
7/23/2024,2024,25,6,2
7/24/2024,2024,25,6,2
7/25/2024,2024,26,6,2
7/26/2024,2024,26,6,2
7/27/2024,2024,26,6,2
7/28/2024,2024,26,6,2
7/29/2024,2024,26,6,2
7/30/2024,2024,26,6,2
7/31/2024,2024,26,6,2
8/1/2024,2024,27,7,3
8/2/2024,2024,27,7,3
8/3/2024,2024,27,7,3
8/4/2024,2024,27,7,3
8/5/2024,2024,27,7,3
8/6/2024,2024,27,7,3
8/7/2024,2024,27,7,3
8/8/2024,2024,28,7,3
8/9/2024,2024,28,7,3
8/10/2024,2024,28,7,3
8/11/2024,2024,28,7,3
8/12/2024,2024,28,7,3
8/13/2024,2024,28,7,3
8/14/2024,2024,28,7,3
8/15/2024,2024,29,7,3
8/16/2024,2024,29,7,3
8/17/2024,2024,29,7,3
8/18/2024,2024,29,7,3
8/19/2024,2024,29,7,3
8/20/2024,2024,29,7,3
8/21/2024,2024,29,7,3
8/22/2024,2024,30,7,3
8/23/2024,2024,30,7,3
8/24/2024,2024,30,7,3
8/25/2024,2024,30,7,3
8/26/2024,2024,30,7,3
8/27/2024,2024,30,7,3
8/28/2024,2024,30,7,3
8/29/2024,2024,31,8,3
8/30/2024,2024,31,8,3
8/31/2024,2024,31,8,3
9/1/2024,2024,31,8,3
9/2/2024,2024,31,8,3
9/3/2024,2024,31,8,3
9/4/2024,2024,31,8,3
9/5/2024,2024,32,8,3
9/6/2024,2024,32,8,3
9/7/2024,2024,32,8,3
9/8/2024,2024,32,8,3
9/9/2024,2024,32,8,3
9/10/2024,2024,32,8,3
9/11/2024,2024,32,8,3
9/12/2024,2024,33,8,3
9/13/2024,2024,33,8,3
9/14/2024,2024,33,8,3
9/15/2024,2024,33,8,3
9/16/2024,2024,33,8,3
9/17/2024,2024,33,8,3
9/18/2024,2024,33,8,3
9/19/2024,2024,34,8,3
9/20/2024,2024,34,8,3
9/21/2024,2024,34,8,3
9/22/2024,2024,34,8,3
9/23/2024,2024,34,8,3
9/24/2024,2024,34,8,3
9/25/2024,2024,34,8,3
9/26/2024,2024,35,8,3
9/27/2024,2024,35,8,3
9/28/2024,2024,35,8,3
9/29/2024,2024,35,8,3
9/30/2024,2024,35,8,3
10/1/2024,2024,35,8,3
10/2/2024,2024,35,8,3
10/3/2024,2024,36,9,3
10/4/2024,2024,36,9,3
10/5/2024,2024,36,9,3
10/6/2024,2024,36,9,3
10/7/2024,2024,36,9,3
10/8/2024,2024,36,9,3
10/9/2024,2024,36,9,3
10/10/2024,2024,37,9,3
10/11/2024,2024,37,9,3
10/12/2024,2024,37,9,3
10/13/2024,2024,37,9,3
10/14/2024,2024,37,9,3
10/15/2024,2024,37,9,3
10/16/2024,2024,37,9,3
10/17/2024,2024,38,9,3
10/18/2024,2024,38,9,3
10/19/2024,2024,38,9,3
10/20/2024,2024,38,9,3
10/21/2024,2024,38,9,3
10/22/2024,2024,38,9,3
10/23/2024,2024,38,9,3
10/24/2024,2024,39,9,3
10/25/2024,2024,39,9,3
10/26/2024,2024,39,9,3
10/27/2024,2024,39,9,3
10/28/2024,2024,39,9,3
10/29/2024,2024,39,9,3
10/30/2024,2024,39,9,3
10/31/2024,2024,40,10,4
11/1/2024,2024,40,10,4
11/2/2024,2024,40,10,4
11/3/2024,2024,40,10,4
11/4/2024,2024,40,10,4
11/5/2024,2024,40,10,4
11/6/2024,2024,40,10,4
11/7/2024,2024,41,10,4
11/8/2024,2024,41,10,4
11/9/2024,2024,41,10,4
11/10/2024,2024,41,10,4
11/11/2024,2024,41,10,4
11/12/2024,2024,41,10,4
11/13/2024,2024,41,10,4
11/14/2024,2024,42,10,4
11/15/2024,2024,42,10,4
11/16/2024,2024,42,10,4
11/17/2024,2024,42,10,4
11/18/2024,2024,42,10,4
11/19/2024,2024,42,10,4
11/20/2024,2024,42,10,4
11/21/2024,2024,43,10,4
11/22/2024,2024,43,10,4
11/23/2024,2024,43,10,4
11/24/2024,2024,43,10,4
11/25/2024,2024,43,10,4
11/26/2024,2024,43,10,4
11/27/2024,2024,43,10,4
11/28/2024,2024,44,11,4
11/29/2024,2024,44,11,4
11/30/2024,2024,44,11,4
12/1/2024,2024,44,11,4
12/2/2024,2024,44,11,4
12/3/2024,2024,44,11,4
12/4/2024,2024,44,11,4
12/5/2024,2024,45,11,4
12/6/2024,2024,45,11,4
12/7/2024,2024,45,11,4
12/8/2024,2024,45,11,4
12/9/2024,2024,45,11,4
12/10/2024,2024,45,11,4
12/11/2024,2024,45,11,4
12/12/2024,2024,46,11,4
12/13/2024,2024,46,11,4
12/14/2024,2024,46,11,4
12/15/2024,2024,46,11,4
12/16/2024,2024,46,11,4
12/17/2024,2024,46,11,4
12/18/2024,2024,46,11,4
12/19/2024,2024,47,11,4
12/20/2024,2024,47,11,4
12/21/2024,2024,47,11,4
12/22/2024,2024,47,11,4
12/23/2024,2024,47,11,4
12/24/2024,2024,47,11,4
12/25/2024,2024,47,11,4
12/26/2024,2024,48,11,4
12/27/2024,2024,48,11,4
12/28/2024,2024,48,11,4
12/29/2024,2024,48,11,4
12/30/2024,2024,48,11,4
12/31/2024,2024,48,11,4
1/1/2025,2024,48,11,4
1/2/2025,2024,49,12,4
1/3/2025,2024,49,12,4
1/4/2025,2024,49,12,4
1/5/2025,2024,49,12,4
1/6/2025,2024,49,12,4
1/7/2025,2024,49,12,4
1/8/2025,2024,49,12,4
1/9/2025,2024,50,12,4
1/10/2025,2024,50,12,4
1/11/2025,2024,50,12,4
1/12/2025,2024,50,12,4
1/13/2025,2024,50,12,4
1/14/2025,2024,50,12,4
1/15/2025,2024,50,12,4
1/16/2025,2024,51,12,4
1/17/2025,2024,51,12,4
1/18/2025,2024,51,12,4
1/19/2025,2024,51,12,4
1/20/2025,2024,51,12,4
1/21/2025,2024,51,12,4
1/22/2025,2024,51,12,4
1/23/2025,2024,52,12,4
1/24/2025,2024,52,12,4
1/25/2025,2024,52,12,4
1/26/2025,2024,52,12,4
1/27/2025,2024,52,12,4
1/28/2025,2024,52,12,4
1/29/2025,2024,52,12,4
1/30/2025,2024,53,12,4
1/31/2025,2024,53,12,4
2/1/2025,2025,1,1,1
2/2/2025,2025,1,1,1
2/3/2025,2025,1,1,1
2/4/2025,2025,1,1,1
2/5/2025,2025,1,1,1
2/6/2025,2025,1,1,1
2/7/2025,2025,1,1,1
2/8/2025,2025,2,1,1
2/9/2025,2025,2,1,1
2/10/2025,2025,2,1,1
2/11/2025,2025,2,1,1
2/12/2025,2025,2,1,1
2/13/2025,2025,2,1,1
2/14/2025,2025,2,1,1
2/15/2025,2025,3,1,1
2/16/2025,2025,3,1,1
2/17/2025,2025,3,1,1
2/18/2025,2025,3,1,1
2/19/2025,2025,3,1,1
2/20/2025,2025,3,1,1
2/21/2025,2025,3,1,1
2/22/2025,2025,4,1,1
2/23/2025,2025,4,1,1
2/24/2025,2025,4,1,1
2/25/2025,2025,4,1,1
2/26/2025,2025,4,1,1
2/27/2025,2025,4,1,1
2/28/2025,2025,4,1,1
3/1/2025,2025,5,2,1
3/2/2025,2025,5,2,1
3/3/2025,2025,5,2,1
3/4/2025,2025,5,2,1
3/5/2025,2025,5,2,1
3/6/2025,2025,5,2,1
3/7/2025,2025,5,2,1
3/8/2025,2025,6,2,1
3/9/2025,2025,6,2,1
3/10/2025,2025,6,2,1
3/11/2025,2025,6,2,1
3/12/2025,2025,6,2,1
3/13/2025,2025,6,2,1
3/14/2025,2025,6,2,1
3/15/2025,2025,7,2,1
3/16/2025,2025,7,2,1
3/17/2025,2025,7,2,1
3/18/2025,2025,7,2,1
3/19/2025,2025,7,2,1
3/20/2025,2025,7,2,1
3/21/2025,2025,7,2,1
3/22/2025,2025,8,2,1
3/23/2025,2025,8,2,1
3/24/2025,2025,8,2,1
3/25/2025,2025,8,2,1
3/26/2025,2025,8,2,1
3/27/2025,2025,8,2,1
3/28/2025,2025,8,2,1
3/29/2025,2025,9,2,1
3/30/2025,2025,9,2,1
3/31/2025,2025,9,2,1
4/1/2025,2025,9,2,1
4/2/2025,2025,9,2,1
4/3/2025,2025,9,2,1
4/4/2025,2025,9,2,1
4/5/2025,2025,10,3,1
4/6/2025,2025,10,3,1
4/7/2025,2025,10,3,1
4/8/2025,2025,10,3,1
4/9/2025,2025,10,3,1
4/10/2025,2025,10,3,1
4/11/2025,2025,10,3,1
4/12/2025,2025,11,3,1
4/13/2025,2025,11,3,1
4/14/2025,2025,11,3,1
4/15/2025,2025,11,3,1
4/16/2025,2025,11,3,1
4/17/2025,2025,11,3,1
4/18/2025,2025,11,3,1
4/19/2025,2025,12,3,1
4/20/2025,2025,12,3,1
4/21/2025,2025,12,3,1
4/22/2025,2025,12,3,1
4/23/2025,2025,12,3,1
4/24/2025,2025,12,3,1
4/25/2025,2025,12,3,1
4/26/2025,2025,13,3,1
4/27/2025,2025,13,3,1
4/28/2025,2025,13,3,1
4/29/2025,2025,13,3,1
4/30/2025,2025,13,3,1
5/1/2025,2025,13,3,1
5/2/2025,2025,13,3,1
5/3/2025,2025,14,4,2
5/4/2025,2025,14,4,2
5/5/2025,2025,14,4,2
5/6/2025,2025,14,4,2
5/7/2025,2025,14,4,2
5/8/2025,2025,14,4,2
5/9/2025,2025,14,4,2
5/10/2025,2025,15,4,2
5/11/2025,2025,15,4,2
5/12/2025,2025,15,4,2
5/13/2025,2025,15,4,2
5/14/2025,2025,15,4,2
5/15/2025,2025,15,4,2
5/16/2025,2025,15,4,2
5/17/2025,2025,16,4,2
5/18/2025,2025,16,4,2
5/19/2025,2025,16,4,2
5/20/2025,2025,16,4,2
5/21/2025,2025,16,4,2
5/22/2025,2025,16,4,2
5/23/2025,2025,16,4,2
5/24/2025,2025,17,4,2
5/25/2025,2025,17,4,2
5/26/2025,2025,17,4,2
5/27/2025,2025,17,4,2
5/28/2025,2025,17,4,2
5/29/2025,2025,17,4,2
5/30/2025,2025,17,4,2
5/31/2025,2025,18,5,2
6/1/2025,2025,18,5,2
6/2/2025,2025,18,5,2
6/3/2025,2025,18,5,2
6/4/2025,2025,18,5,2
6/5/2025,2025,18,5,2
6/6/2025,2025,18,5,2
6/7/2025,2025,19,5,2
6/8/2025,2025,19,5,2
6/9/2025,2025,19,5,2
6/10/2025,2025,19,5,2
6/11/2025,2025,19,5,2
6/12/2025,2025,19,5,2
6/13/2025,2025,19,5,2
6/14/2025,2025,20,5,2
6/15/2025,2025,20,5,2
6/16/2025,2025,20,5,2
6/17/2025,2025,20,5,2
6/18/2025,2025,20,5,2
6/19/2025,2025,20,5,2
6/20/2025,2025,20,5,2
6/21/2025,2025,21,5,2
6/22/2025,2025,21,5,2
6/23/2025,2025,21,5,2
6/24/2025,2025,21,5,2
6/25/2025,2025,21,5,2
6/26/2025,2025,21,5,2
6/27/2025,2025,21,5,2
6/28/2025,2025,22,5,2
6/29/2025,2025,22,5,2
6/30/2025,2025,22,5,2
7/1/2025,2025,22,5,2
7/2/2025,2025,22,5,2
7/3/2025,2025,22,5,2
7/4/2025,2025,22,5,2
7/5/2025,2025,23,6,2
7/6/2025,2025,23,6,2
7/7/2025,2025,23,6,2
7/8/2025,2025,23,6,2
7/9/2025,2025,23,6,2
7/10/2025,2025,23,6,2
7/11/2025,2025,23,6,2
7/12/2025,2025,24,6,2
7/13/2025,2025,24,6,2
7/14/2025,2025,24,6,2
7/15/2025,2025,24,6,2
7/16/2025,2025,24,6,2
7/17/2025,2025,24,6,2
7/18/2025,2025,24,6,2
7/19/2025,2025,25,6,2
7/20/2025,2025,25,6,2
7/21/2025,2025,25,6,2
7/22/2025,2025,25,6,2
7/23/2025,2025,25,6,2
7/24/2025,2025,25,6,2
7/25/2025,2025,25,6,2
7/26/2025,2025,26,6,2
7/27/2025,2025,26,6,2
7/28/2025,2025,26,6,2
7/29/2025,2025,26,6,2
7/30/2025,2025,26,6,2
7/31/2025,2025,26,6,2
8/1/2025,2025,26,6,2
8/2/2025,2025,27,7,3
8/3/2025,2025,27,7,3
8/4/2025,2025,27,7,3
8/5/2025,2025,27,7,3
8/6/2025,2025,27,7,3
8/7/2025,2025,27,7,3
8/8/2025,2025,27,7,3
8/9/2025,2025,28,7,3
8/10/2025,2025,28,7,3
8/11/2025,2025,28,7,3
8/12/2025,2025,28,7,3
8/13/2025,2025,28,7,3
8/14/2025,2025,28,7,3
8/15/2025,2025,28,7,3
8/16/2025,2025,29,7,3
8/17/2025,2025,29,7,3
8/18/2025,2025,29,7,3
8/19/2025,2025,29,7,3
8/20/2025,2025,29,7,3
8/21/2025,2025,29,7,3
8/22/2025,2025,29,7,3
8/23/2025,2025,30,7,3
8/24/2025,2025,30,7,3
8/25/2025,2025,30,7,3
8/26/2025,2025,30,7,3
8/27/2025,2025,30,7,3
8/28/2025,2025,30,7,3
8/29/2025,2025,30,7,3
8/30/2025,2025,31,8,3
8/31/2025,2025,31,8,3
9/1/2025,2025,31,8,3
9/2/2025,2025,31,8,3
9/3/2025,2025,31,8,3
9/4/2025,2025,31,8,3
9/5/2025,2025,31,8,3
9/6/2025,2025,32,8,3
9/7/2025,2025,32,8,3
9/8/2025,2025,32,8,3
9/9/2025,2025,32,8,3
9/10/2025,2025,32,8,3
9/11/2025,2025,32,8,3
9/12/2025,2025,32,8,3
9/13/2025,2025,33,8,3
9/14/2025,2025,33,8,3
9/15/2025,2025,33,8,3
9/16/2025,2025,33,8,3
9/17/2025,2025,33,8,3
9/18/2025,2025,33,8,3
9/19/2025,2025,33,8,3
9/20/2025,2025,34,8,3
9/21/2025,2025,34,8,3
9/22/2025,2025,34,8,3
9/23/2025,2025,34,8,3
9/24/2025,2025,34,8,3
9/25/2025,2025,34,8,3
9/26/2025,2025,34,8,3
9/27/2025,2025,35,8,3
9/28/2025,2025,35,8,3
9/29/2025,2025,35,8,3
9/30/2025,2025,35,8,3
10/1/2025,2025,35,8,3
10/2/2025,2025,35,8,3
10/3/2025,2025,35,8,3
10/4/2025,2025,36,9,3
10/5/2025,2025,36,9,3
10/6/2025,2025,36,9,3
10/7/2025,2025,36,9,3
10/8/2025,2025,36,9,3
10/9/2025,2025,36,9,3
10/10/2025,2025,36,9,3
10/11/2025,2025,37,9,3
10/12/2025,2025,37,9,3
10/13/2025,2025,37,9,3
10/14/2025,2025,37,9,3
10/15/2025,2025,37,9,3
10/16/2025,2025,37,9,3
10/17/2025,2025,37,9,3
10/18/2025,2025,38,9,3
10/19/2025,2025,38,9,3
10/20/2025,2025,38,9,3
10/21/2025,2025,38,9,3
10/22/2025,2025,38,9,3
10/23/2025,2025,38,9,3
10/24/2025,2025,38,9,3
10/25/2025,2025,39,9,3
10/26/2025,2025,39,9,3
10/27/2025,2025,39,9,3
10/28/2025,2025,39,9,3
10/29/2025,2025,39,9,3
10/30/2025,2025,39,9,3
10/31/2025,2025,39,9,3
11/1/2025,2025,40,10,4
11/2/2025,2025,40,10,4
11/3/2025,2025,40,10,4
11/4/2025,2025,40,10,4
11/5/2025,2025,40,10,4
11/6/2025,2025,40,10,4
11/7/2025,2025,40,10,4
11/8/2025,2025,41,10,4
11/9/2025,2025,41,10,4
11/10/2025,2025,41,10,4
11/11/2025,2025,41,10,4
11/12/2025,2025,41,10,4
11/13/2025,2025,41,10,4
11/14/2025,2025,41,10,4
11/15/2025,2025,42,10,4
11/16/2025,2025,42,10,4
11/17/2025,2025,42,10,4
11/18/2025,2025,42,10,4
11/19/2025,2025,42,10,4
11/20/2025,2025,42,10,4
11/21/2025,2025,42,10,4
11/22/2025,2025,43,10,4
11/23/2025,2025,43,10,4
11/24/2025,2025,43,10,4
11/25/2025,2025,43,10,4
11/26/2025,2025,43,10,4
11/27/2025,2025,43,10,4
11/28/2025,2025,43,10,4
11/29/2025,2025,44,11,4
11/30/2025,2025,44,11,4
12/1/2025,2025,44,11,4
12/2/2025,2025,44,11,4
12/3/2025,2025,44,11,4
12/4/2025,2025,44,11,4
12/5/2025,2025,44,11,4
12/6/2025,2025,45,11,4
12/7/2025,2025,45,11,4
12/8/2025,2025,45,11,4
12/9/2025,2025,45,11,4
12/10/2025,2025,45,11,4
12/11/2025,2025,45,11,4
12/12/2025,2025,45,11,4
12/13/2025,2025,46,11,4
12/14/2025,2025,46,11,4
12/15/2025,2025,46,11,4
12/16/2025,2025,46,11,4
12/17/2025,2025,46,11,4
12/18/2025,2025,46,11,4
12/19/2025,2025,46,11,4
12/20/2025,2025,47,11,4
12/21/2025,2025,47,11,4
12/22/2025,2025,47,11,4
12/23/2025,2025,47,11,4
12/24/2025,2025,47,11,4
12/25/2025,2025,47,11,4
12/26/2025,2025,47,11,4
12/27/2025,2025,48,11,4
12/28/2025,2025,48,11,4
12/29/2025,2025,48,11,4
12/30/2025,2025,48,11,4
12/31/2025,2025,48,11,4
1/1/2026,2025,48,11,4
1/2/2026,2025,48,11,4
1/3/2026,2025,49,12,4
1/4/2026,2025,49,12,4
1/5/2026,2025,49,12,4
1/6/2026,2025,49,12,4
1/7/2026,2025,49,12,4
1/8/2026,2025,49,12,4
1/9/2026,2025,49,12,4
1/10/2026,2025,50,12,4
1/11/2026,2025,50,12,4
1/12/2026,2025,50,12,4
1/13/2026,2025,50,12,4
1/14/2026,2025,50,12,4
1/15/2026,2025,50,12,4
1/16/2026,2025,50,12,4
1/17/2026,2025,51,12,4
1/18/2026,2025,51,12,4
1/19/2026,2025,51,12,4
1/20/2026,2025,51,12,4
1/21/2026,2025,51,12,4
1/22/2026,2025,51,12,4
1/23/2026,2025,51,12,4
1/24/2026,2025,52,12,4
1/25/2026,2025,52,12,4
1/26/2026,2025,52,12,4
1/27/2026,2025,52,12,4
1/28/2026,2025,52,12,4
1/29/2026,2025,52,12,4
1/30/2026,2025,52,12,4
1/31/2026,2025,53,12,4
2/1/2026,2026,1,1,1
2/2/2026,2026,1,1,1
2/3/2026,2026,1,1,1
2/4/2026,2026,1,1,1
2/5/2026,2026,1,1,1
2/6/2026,2026,1,1,1
2/7/2026,2026,1,1,1
2/8/2026,2026,2,1,1
2/9/2026,2026,2,1,1
2/10/2026,2026,2,1,1
2/11/2026,2026,2,1,1
2/12/2026,2026,2,1,1
2/13/2026,2026,2,1,1
2/14/2026,2026,2,1,1
2/15/2026,2026,3,1,1
2/16/2026,2026,3,1,1
2/17/2026,2026,3,1,1
2/18/2026,2026,3,1,1
2/19/2026,2026,3,1,1
2/20/2026,2026,3,1,1
2/21/2026,2026,3,1,1
2/22/2026,2026,4,1,1
2/23/2026,2026,4,1,1
2/24/2026,2026,4,1,1
2/25/2026,2026,4,1,1
2/26/2026,2026,4,1,1
2/27/2026,2026,4,1,1
2/28/2026,2026,4,1,1
3/1/2026,2026,5,2,1
3/2/2026,2026,5,2,1
3/3/2026,2026,5,2,1
3/4/2026,2026,5,2,1
3/5/2026,2026,5,2,1
3/6/2026,2026,5,2,1
3/7/2026,2026,5,2,1
3/8/2026,2026,6,2,1
3/9/2026,2026,6,2,1
3/10/2026,2026,6,2,1
3/11/2026,2026,6,2,1
3/12/2026,2026,6,2,1
3/13/2026,2026,6,2,1
3/14/2026,2026,6,2,1
3/15/2026,2026,7,2,1
3/16/2026,2026,7,2,1
3/17/2026,2026,7,2,1
3/18/2026,2026,7,2,1
3/19/2026,2026,7,2,1
3/20/2026,2026,7,2,1
3/21/2026,2026,7,2,1
3/22/2026,2026,8,2,1
3/23/2026,2026,8,2,1
3/24/2026,2026,8,2,1
3/25/2026,2026,8,2,1
3/26/2026,2026,8,2,1
3/27/2026,2026,8,2,1
3/28/2026,2026,8,2,1
3/29/2026,2026,9,2,1
3/30/2026,2026,9,2,1
3/31/2026,2026,9,2,1
4/1/2026,2026,9,2,1
4/2/2026,2026,9,2,1
4/3/2026,2026,9,2,1
4/4/2026,2026,9,2,1
4/5/2026,2026,10,3,1
4/6/2026,2026,10,3,1
4/7/2026,2026,10,3,1
4/8/2026,2026,10,3,1
4/9/2026,2026,10,3,1
4/10/2026,2026,10,3,1
4/11/2026,2026,10,3,1
4/12/2026,2026,11,3,1
4/13/2026,2026,11,3,1
4/14/2026,2026,11,3,1
4/15/2026,2026,11,3,1
4/16/2026,2026,11,3,1
4/17/2026,2026,11,3,1
4/18/2026,2026,11,3,1
4/19/2026,2026,12,3,1
4/20/2026,2026,12,3,1
4/21/2026,2026,12,3,1
4/22/2026,2026,12,3,1
4/23/2026,2026,12,3,1
4/24/2026,2026,12,3,1
4/25/2026,2026,12,3,1
4/26/2026,2026,13,3,1
4/27/2026,2026,13,3,1
4/28/2026,2026,13,3,1
4/29/2026,2026,13,3,1
4/30/2026,2026,13,3,1
5/1/2026,2026,13,3,1
5/2/2026,2026,13,3,1
5/3/2026,2026,14,4,2
5/4/2026,2026,14,4,2
5/5/2026,2026,14,4,2
5/6/2026,2026,14,4,2
5/7/2026,2026,14,4,2
5/8/2026,2026,14,4,2
5/9/2026,2026,14,4,2
5/10/2026,2026,15,4,2
5/11/2026,2026,15,4,2
5/12/2026,2026,15,4,2
5/13/2026,2026,15,4,2
5/14/2026,2026,15,4,2
5/15/2026,2026,15,4,2
5/16/2026,2026,15,4,2
5/17/2026,2026,16,4,2
5/18/2026,2026,16,4,2
5/19/2026,2026,16,4,2
5/20/2026,2026,16,4,2
5/21/2026,2026,16,4,2
5/22/2026,2026,16,4,2
5/23/2026,2026,16,4,2
5/24/2026,2026,17,4,2
5/25/2026,2026,17,4,2
5/26/2026,2026,17,4,2
5/27/2026,2026,17,4,2
5/28/2026,2026,17,4,2
5/29/2026,2026,17,4,2
5/30/2026,2026,17,4,2
5/31/2026,2026,18,5,2
6/1/2026,2026,18,5,2
6/2/2026,2026,18,5,2
6/3/2026,2026,18,5,2
6/4/2026,2026,18,5,2
6/5/2026,2026,18,5,2
6/6/2026,2026,18,5,2
6/7/2026,2026,19,5,2
6/8/2026,2026,19,5,2
6/9/2026,2026,19,5,2
6/10/2026,2026,19,5,2
6/11/2026,2026,19,5,2
6/12/2026,2026,19,5,2
6/13/2026,2026,19,5,2
6/14/2026,2026,20,5,2
6/15/2026,2026,20,5,2
6/16/2026,2026,20,5,2
6/17/2026,2026,20,5,2
6/18/2026,2026,20,5,2
6/19/2026,2026,20,5,2
6/20/2026,2026,20,5,2
6/21/2026,2026,21,5,2
6/22/2026,2026,21,5,2
6/23/2026,2026,21,5,2
6/24/2026,2026,21,5,2
6/25/2026,2026,21,5,2
6/26/2026,2026,21,5,2
6/27/2026,2026,21,5,2
6/28/2026,2026,22,5,2
6/29/2026,2026,22,5,2
6/30/2026,2026,22,5,2
7/1/2026,2026,22,5,2
7/2/2026,2026,22,5,2
7/3/2026,2026,22,5,2
7/4/2026,2026,22,5,2
7/5/2026,2026,23,6,2
7/6/2026,2026,23,6,2
7/7/2026,2026,23,6,2
7/8/2026,2026,23,6,2
7/9/2026,2026,23,6,2
7/10/2026,2026,23,6,2
7/11/2026,2026,23,6,2
7/12/2026,2026,24,6,2
7/13/2026,2026,24,6,2
7/14/2026,2026,24,6,2
7/15/2026,2026,24,6,2
7/16/2026,2026,24,6,2
7/17/2026,2026,24,6,2
7/18/2026,2026,24,6,2
7/19/2026,2026,25,6,2
7/20/2026,2026,25,6,2
7/21/2026,2026,25,6,2
7/22/2026,2026,25,6,2
7/23/2026,2026,25,6,2
7/24/2026,2026,25,6,2
7/25/2026,2026,25,6,2
7/26/2026,2026,26,6,2
7/27/2026,2026,26,6,2
7/28/2026,2026,26,6,2
7/29/2026,2026,26,6,2
7/30/2026,2026,26,6,2
7/31/2026,2026,26,6,2
8/1/2026,2026,26,6,2
8/2/2026,2026,27,7,3
8/3/2026,2026,27,7,3
8/4/2026,2026,27,7,3
8/5/2026,2026,27,7,3
8/6/2026,2026,27,7,3
8/7/2026,2026,27,7,3
8/8/2026,2026,27,7,3
8/9/2026,2026,28,7,3
8/10/2026,2026,28,7,3
8/11/2026,2026,28,7,3
8/12/2026,2026,28,7,3
8/13/2026,2026,28,7,3
8/14/2026,2026,28,7,3
8/15/2026,2026,28,7,3
8/16/2026,2026,29,7,3
8/17/2026,2026,29,7,3
8/18/2026,2026,29,7,3
8/19/2026,2026,29,7,3
8/20/2026,2026,29,7,3
8/21/2026,2026,29,7,3
8/22/2026,2026,29,7,3
8/23/2026,2026,30,7,3
8/24/2026,2026,30,7,3
8/25/2026,2026,30,7,3
8/26/2026,2026,30,7,3
8/27/2026,2026,30,7,3
8/28/2026,2026,30,7,3
8/29/2026,2026,30,7,3
8/30/2026,2026,31,8,3
8/31/2026,2026,31,8,3
9/1/2026,2026,31,8,3
9/2/2026,2026,31,8,3
9/3/2026,2026,31,8,3
9/4/2026,2026,31,8,3
9/5/2026,2026,31,8,3
9/6/2026,2026,32,8,3
9/7/2026,2026,32,8,3
9/8/2026,2026,32,8,3
9/9/2026,2026,32,8,3
9/10/2026,2026,32,8,3
9/11/2026,2026,32,8,3
9/12/2026,2026,32,8,3
9/13/2026,2026,33,8,3
9/14/2026,2026,33,8,3
9/15/2026,2026,33,8,3
9/16/2026,2026,33,8,3
9/17/2026,2026,33,8,3
9/18/2026,2026,33,8,3
9/19/2026,2026,33,8,3
9/20/2026,2026,34,8,3
9/21/2026,2026,34,8,3
9/22/2026,2026,34,8,3
9/23/2026,2026,34,8,3
9/24/2026,2026,34,8,3
9/25/2026,2026,34,8,3
9/26/2026,2026,34,8,3
9/27/2026,2026,35,8,3
9/28/2026,2026,35,8,3
9/29/2026,2026,35,8,3
9/30/2026,2026,35,8,3
10/1/2026,2026,35,8,3
10/2/2026,2026,35,8,3
10/3/2026,2026,35,8,3
10/4/2026,2026,36,9,3
10/5/2026,2026,36,9,3
10/6/2026,2026,36,9,3
10/7/2026,2026,36,9,3
10/8/2026,2026,36,9,3
10/9/2026,2026,36,9,3
10/10/2026,2026,36,9,3
10/11/2026,2026,37,9,3
10/12/2026,2026,37,9,3
10/13/2026,2026,37,9,3
10/14/2026,2026,37,9,3
10/15/2026,2026,37,9,3
10/16/2026,2026,37,9,3
10/17/2026,2026,37,9,3
10/18/2026,2026,38,9,3
10/19/2026,2026,38,9,3
10/20/2026,2026,38,9,3
10/21/2026,2026,38,9,3
10/22/2026,2026,38,9,3
10/23/2026,2026,38,9,3
10/24/2026,2026,38,9,3
10/25/2026,2026,39,9,3
10/26/2026,2026,39,9,3
10/27/2026,2026,39,9,3
10/28/2026,2026,39,9,3
10/29/2026,2026,39,9,3
10/30/2026,2026,39,9,3
10/31/2026,2026,39,9,3
11/1/2026,2026,40,10,4
11/2/2026,2026,40,10,4
11/3/2026,2026,40,10,4
11/4/2026,2026,40,10,4
11/5/2026,2026,40,10,4
11/6/2026,2026,40,10,4
11/7/2026,2026,40,10,4
11/8/2026,2026,41,10,4
11/9/2026,2026,41,10,4
11/10/2026,2026,41,10,4
11/11/2026,2026,41,10,4
11/12/2026,2026,41,10,4
11/13/2026,2026,41,10,4
11/14/2026,2026,41,10,4
11/15/2026,2026,42,10,4
11/16/2026,2026,42,10,4
11/17/2026,2026,42,10,4
11/18/2026,2026,42,10,4
11/19/2026,2026,42,10,4
11/20/2026,2026,42,10,4
11/21/2026,2026,42,10,4
11/22/2026,2026,43,10,4
11/23/2026,2026,43,10,4
11/24/2026,2026,43,10,4
11/25/2026,2026,43,10,4
11/26/2026,2026,43,10,4
11/27/2026,2026,43,10,4
11/28/2026,2026,43,10,4
11/29/2026,2026,44,11,4
11/30/2026,2026,44,11,4
12/1/2026,2026,44,11,4
12/2/2026,2026,44,11,4
12/3/2026,2026,44,11,4
12/4/2026,2026,44,11,4
12/5/2026,2026,44,11,4
12/6/2026,2026,45,11,4
12/7/2026,2026,45,11,4
12/8/2026,2026,45,11,4
12/9/2026,2026,45,11,4
12/10/2026,2026,45,11,4
12/11/2026,2026,45,11,4
12/12/2026,2026,45,11,4
12/13/2026,2026,46,11,4
12/14/2026,2026,46,11,4
12/15/2026,2026,46,11,4
12/16/2026,2026,46,11,4
12/17/2026,2026,46,11,4
12/18/2026,2026,46,11,4
12/19/2026,2026,46,11,4
12/20/2026,2026,47,11,4
12/21/2026,2026,47,11,4
12/22/2026,2026,47,11,4
12/23/2026,2026,47,11,4
12/24/2026,2026,47,11,4
12/25/2026,2026,47,11,4
12/26/2026,2026,47,11,4
12/27/2026,2026,48,11,4
12/28/2026,2026,48,11,4
12/29/2026,2026,48,11,4
12/30/2026,2026,48,11,4
12/31/2026,2026,48,11,4
1/1/2027,2026,48,11,4
1/2/2027,2026,48,11,4
1/3/2027,2026,49,12,4
1/4/2027,2026,49,12,4
1/5/2027,2026,49,12,4
1/6/2027,2026,49,12,4
1/7/2027,2026,49,12,4
1/8/2027,2026,49,12,4
1/9/2027,2026,49,12,4
1/10/2027,2026,50,12,4
1/11/2027,2026,50,12,4
1/12/2027,2026,50,12,4
1/13/2027,2026,50,12,4
1/14/2027,2026,50,12,4
1/15/2027,2026,50,12,4
1/16/2027,2026,50,12,4
1/17/2027,2026,51,12,4
1/18/2027,2026,51,12,4
1/19/2027,2026,51,12,4
1/20/2027,2026,51,12,4
1/21/2027,2026,51,12,4
1/22/2027,2026,51,12,4
1/23/2027,2026,51,12,4
1/24/2027,2026,52,12,4
1/25/2027,2026,52,12,4
1/26/2027,2026,52,12,4
1/27/2027,2026,52,12,4
1/28/2027,2026,52,12,4
1/29/2027,2026,52,12,4
1/30/2027,2026,52,12,4
1/31/2027,2026,53,12,4
2/1/2027,2027,1,1,1
2/2/2027,2027,1,1,1
2/3/2027,2027,1,1,1
2/4/2027,2027,1,1,1
2/5/2027,2027,1,1,1
2/6/2027,2027,1,1,1
2/7/2027,2027,1,1,1
2/8/2027,2027,2,1,1
2/9/2027,2027,2,1,1
2/10/2027,2027,2,1,1
2/11/2027,2027,2,1,1
2/12/2027,2027,2,1,1
2/13/2027,2027,2,1,1
2/14/2027,2027,2,1,1
2/15/2027,2027,3,1,1
2/16/2027,2027,3,1,1
2/17/2027,2027,3,1,1
2/18/2027,2027,3,1,1
2/19/2027,2027,3,1,1
2/20/2027,2027,3,1,1
2/21/2027,2027,3,1,1
2/22/2027,2027,4,1,1
2/23/2027,2027,4,1,1
2/24/2027,2027,4,1,1
2/25/2027,2027,4,1,1
2/26/2027,2027,4,1,1
2/27/2027,2027,4,1,1
2/28/2027,2027,4,1,1
3/1/2027,2027,5,2,1
3/2/2027,2027,5,2,1
3/3/2027,2027,5,2,1
3/4/2027,2027,5,2,1
3/5/2027,2027,5,2,1
3/6/2027,2027,5,2,1
3/7/2027,2027,5,2,1
3/8/2027,2027,6,2,1
3/9/2027,2027,6,2,1
3/10/2027,2027,6,2,1
3/11/2027,2027,6,2,1
3/12/2027,2027,6,2,1
3/13/2027,2027,6,2,1
3/14/2027,2027,6,2,1
3/15/2027,2027,7,2,1
3/16/2027,2027,7,2,1
3/17/2027,2027,7,2,1
3/18/2027,2027,7,2,1
3/19/2027,2027,7,2,1
3/20/2027,2027,7,2,1
3/21/2027,2027,7,2,1
3/22/2027,2027,8,2,1
3/23/2027,2027,8,2,1
3/24/2027,2027,8,2,1
3/25/2027,2027,8,2,1
3/26/2027,2027,8,2,1
3/27/2027,2027,8,2,1
3/28/2027,2027,8,2,1
3/29/2027,2027,9,2,1
3/30/2027,2027,9,2,1
3/31/2027,2027,9,2,1
4/1/2027,2027,9,2,1
4/2/2027,2027,9,2,1
4/3/2027,2027,9,2,1
4/4/2027,2027,9,2,1
4/5/2027,2027,10,3,1
4/6/2027,2027,10,3,1
4/7/2027,2027,10,3,1
4/8/2027,2027,10,3,1
4/9/2027,2027,10,3,1
4/10/2027,2027,10,3,1
4/11/2027,2027,10,3,1
4/12/2027,2027,11,3,1
4/13/2027,2027,11,3,1
4/14/2027,2027,11,3,1
4/15/2027,2027,11,3,1
4/16/2027,2027,11,3,1
4/17/2027,2027,11,3,1
4/18/2027,2027,11,3,1
4/19/2027,2027,12,3,1
4/20/2027,2027,12,3,1
4/21/2027,2027,12,3,1
4/22/2027,2027,12,3,1
4/23/2027,2027,12,3,1
4/24/2027,2027,12,3,1
4/25/2027,2027,12,3,1
4/26/2027,2027,13,3,1
4/27/2027,2027,13,3,1
4/28/2027,2027,13,3,1
4/29/2027,2027,13,3,1
4/30/2027,2027,13,3,1
5/1/2027,2027,13,3,1
5/2/2027,2027,13,3,1
5/3/2027,2027,14,4,2
5/4/2027,2027,14,4,2
5/5/2027,2027,14,4,2
5/6/2027,2027,14,4,2
5/7/2027,2027,14,4,2
5/8/2027,2027,14,4,2
5/9/2027,2027,14,4,2
5/10/2027,2027,15,4,2
5/11/2027,2027,15,4,2
5/12/2027,2027,15,4,2
5/13/2027,2027,15,4,2
5/14/2027,2027,15,4,2
5/15/2027,2027,15,4,2
5/16/2027,2027,15,4,2
5/17/2027,2027,16,4,2
5/18/2027,2027,16,4,2
5/19/2027,2027,16,4,2
5/20/2027,2027,16,4,2
5/21/2027,2027,16,4,2
5/22/2027,2027,16,4,2
5/23/2027,2027,16,4,2
5/24/2027,2027,17,4,2
5/25/2027,2027,17,4,2
5/26/2027,2027,17,4,2
5/27/2027,2027,17,4,2
5/28/2027,2027,17,4,2
5/29/2027,2027,17,4,2
5/30/2027,2027,17,4,2
5/31/2027,2027,18,5,2
6/1/2027,2027,18,5,2
6/2/2027,2027,18,5,2
6/3/2027,2027,18,5,2
6/4/2027,2027,18,5,2
6/5/2027,2027,18,5,2
6/6/2027,2027,18,5,2
6/7/2027,2027,19,5,2
6/8/2027,2027,19,5,2
6/9/2027,2027,19,5,2
6/10/2027,2027,19,5,2
6/11/2027,2027,19,5,2
6/12/2027,2027,19,5,2
6/13/2027,2027,19,5,2
6/14/2027,2027,20,5,2
6/15/2027,2027,20,5,2
6/16/2027,2027,20,5,2
6/17/2027,2027,20,5,2
6/18/2027,2027,20,5,2
6/19/2027,2027,20,5,2
6/20/2027,2027,20,5,2
6/21/2027,2027,21,5,2
6/22/2027,2027,21,5,2
6/23/2027,2027,21,5,2
6/24/2027,2027,21,5,2
6/25/2027,2027,21,5,2
6/26/2027,2027,21,5,2
6/27/2027,2027,21,5,2
6/28/2027,2027,22,5,2
6/29/2027,2027,22,5,2
6/30/2027,2027,22,5,2
7/1/2027,2027,22,5,2
7/2/2027,2027,22,5,2
7/3/2027,2027,22,5,2
7/4/2027,2027,22,5,2
7/5/2027,2027,23,6,2
7/6/2027,2027,23,6,2
7/7/2027,2027,23,6,2
7/8/2027,2027,23,6,2
7/9/2027,2027,23,6,2
7/10/2027,2027,23,6,2
7/11/2027,2027,23,6,2
7/12/2027,2027,24,6,2
7/13/2027,2027,24,6,2
7/14/2027,2027,24,6,2
7/15/2027,2027,24,6,2
7/16/2027,2027,24,6,2
7/17/2027,2027,24,6,2
7/18/2027,2027,24,6,2
7/19/2027,2027,25,6,2
7/20/2027,2027,25,6,2
7/21/2027,2027,25,6,2
7/22/2027,2027,25,6,2
7/23/2027,2027,25,6,2
7/24/2027,2027,25,6,2
7/25/2027,2027,25,6,2
7/26/2027,2027,26,6,2
7/27/2027,2027,26,6,2
7/28/2027,2027,26,6,2
7/29/2027,2027,26,6,2
7/30/2027,2027,26,6,2
7/31/2027,2027,26,6,2
8/1/2027,2027,26,6,2
8/2/2027,2027,27,7,3
8/3/2027,2027,27,7,3
8/4/2027,2027,27,7,3
8/5/2027,2027,27,7,3
8/6/2027,2027,27,7,3
8/7/2027,2027,27,7,3
8/8/2027,2027,27,7,3
8/9/2027,2027,28,7,3
8/10/2027,2027,28,7,3
8/11/2027,2027,28,7,3
8/12/2027,2027,28,7,3
8/13/2027,2027,28,7,3
8/14/2027,2027,28,7,3
8/15/2027,2027,28,7,3
8/16/2027,2027,29,7,3
8/17/2027,2027,29,7,3
8/18/2027,2027,29,7,3
8/19/2027,2027,29,7,3
8/20/2027,2027,29,7,3
8/21/2027,2027,29,7,3
8/22/2027,2027,29,7,3
8/23/2027,2027,30,7,3
8/24/2027,2027,30,7,3
8/25/2027,2027,30,7,3
8/26/2027,2027,30,7,3
8/27/2027,2027,30,7,3
8/28/2027,2027,30,7,3
8/29/2027,2027,30,7,3
8/30/2027,2027,31,8,3
8/31/2027,2027,31,8,3
9/1/2027,2027,31,8,3
9/2/2027,2027,31,8,3
9/3/2027,2027,31,8,3
9/4/2027,2027,31,8,3
9/5/2027,2027,31,8,3
9/6/2027,2027,32,8,3
9/7/2027,2027,32,8,3
9/8/2027,2027,32,8,3
9/9/2027,2027,32,8,3
9/10/2027,2027,32,8,3
9/11/2027,2027,32,8,3
9/12/2027,2027,32,8,3
9/13/2027,2027,33,8,3
9/14/2027,2027,33,8,3
9/15/2027,2027,33,8,3
9/16/2027,2027,33,8,3
9/17/2027,2027,33,8,3
9/18/2027,2027,33,8,3
9/19/2027,2027,33,8,3
9/20/2027,2027,34,8,3
9/21/2027,2027,34,8,3
9/22/2027,2027,34,8,3
9/23/2027,2027,34,8,3
9/24/2027,2027,34,8,3
9/25/2027,2027,34,8,3
9/26/2027,2027,34,8,3
9/27/2027,2027,35,8,3
9/28/2027,2027,35,8,3
9/29/2027,2027,35,8,3
9/30/2027,2027,35,8,3
10/1/2027,2027,35,8,3
10/2/2027,2027,35,8,3
10/3/2027,2027,35,8,3
10/4/2027,2027,36,9,3
10/5/2027,2027,36,9,3
10/6/2027,2027,36,9,3
10/7/2027,2027,36,9,3
10/8/2027,2027,36,9,3
10/9/2027,2027,36,9,3
10/10/2027,2027,36,9,3
10/11/2027,2027,37,9,3
10/12/2027,2027,37,9,3
10/13/2027,2027,37,9,3
10/14/2027,2027,37,9,3
10/15/2027,2027,37,9,3
10/16/2027,2027,37,9,3
10/17/2027,2027,37,9,3
10/18/2027,2027,38,9,3
10/19/2027,2027,38,9,3
10/20/2027,2027,38,9,3
10/21/2027,2027,38,9,3
10/22/2027,2027,38,9,3
10/23/2027,2027,38,9,3
10/24/2027,2027,38,9,3
10/25/2027,2027,39,9,3
10/26/2027,2027,39,9,3
10/27/2027,2027,39,9,3
10/28/2027,2027,39,9,3
10/29/2027,2027,39,9,3
10/30/2027,2027,39,9,3
10/31/2027,2027,39,9,3
11/1/2027,2027,40,10,4
11/2/2027,2027,40,10,4
11/3/2027,2027,40,10,4
11/4/2027,2027,40,10,4
11/5/2027,2027,40,10,4
11/6/2027,2027,40,10,4
11/7/2027,2027,40,10,4
11/8/2027,2027,41,10,4
11/9/2027,2027,41,10,4
11/10/2027,2027,41,10,4
11/11/2027,2027,41,10,4
11/12/2027,2027,41,10,4
11/13/2027,2027,41,10,4
11/14/2027,2027,41,10,4
11/15/2027,2027,42,10,4
11/16/2027,2027,42,10,4
11/17/2027,2027,42,10,4
11/18/2027,2027,42,10,4
11/19/2027,2027,42,10,4
11/20/2027,2027,42,10,4
11/21/2027,2027,42,10,4
11/22/2027,2027,43,10,4
11/23/2027,2027,43,10,4
11/24/2027,2027,43,10,4
11/25/2027,2027,43,10,4
11/26/2027,2027,43,10,4
11/27/2027,2027,43,10,4
11/28/2027,2027,43,10,4
11/29/2027,2027,44,11,4
11/30/2027,2027,44,11,4
12/1/2027,2027,44,11,4
12/2/2027,2027,44,11,4
12/3/2027,2027,44,11,4
12/4/2027,2027,44,11,4
12/5/2027,2027,44,11,4
12/6/2027,2027,45,11,4
12/7/2027,2027,45,11,4
12/8/2027,2027,45,11,4
12/9/2027,2027,45,11,4
12/10/2027,2027,45,11,4
12/11/2027,2027,45,11,4
12/12/2027,2027,45,11,4
12/13/2027,2027,46,11,4
12/14/2027,2027,46,11,4
12/15/2027,2027,46,11,4
12/16/2027,2027,46,11,4
12/17/2027,2027,46,11,4
12/18/2027,2027,46,11,4
12/19/2027,2027,46,11,4
12/20/2027,2027,47,11,4
12/21/2027,2027,47,11,4
12/22/2027,2027,47,11,4
12/23/2027,2027,47,11,4
12/24/2027,2027,47,11,4
12/25/2027,2027,47,11,4
12/26/2027,2027,47,11,4
12/27/2027,2027,48,11,4
12/28/2027,2027,48,11,4
12/29/2027,2027,48,11,4
12/30/2027,2027,48,11,4
12/31/2027,2027,48,11,4
1/1/2028,2027,48,11,4
1/2/2028,2027,48,11,4
1/3/2028,2027,49,12,4
1/4/2028,2027,49,12,4
1/5/2028,2027,49,12,4
1/6/2028,2027,49,12,4
1/7/2028,2027,49,12,4
1/8/2028,2027,49,12,4
1/9/2028,2027,49,12,4
1/10/2028,2027,50,12,4
1/11/2028,2027,50,12,4
1/12/2028,2027,50,12,4
1/13/2028,2027,50,12,4
1/14/2028,2027,50,12,4
1/15/2028,2027,50,12,4
1/16/2028,2027,50,12,4
1/17/2028,2027,51,12,4
1/18/2028,2027,51,12,4
1/19/2028,2027,51,12,4
1/20/2028,2027,51,12,4
1/21/2028,2027,51,12,4
1/22/2028,2027,51,12,4
1/23/2028,2027,51,12,4
1/24/2028,2027,52,12,4
1/25/2028,2027,52,12,4
1/26/2028,2027,52,12,4
1/27/2028,2027,52,12,4
1/28/2028,2027,52,12,4
1/29/2028,2027,52,12,4
1/30/2028,2027,52,12,4
1/31/2028,2027,53,12,4
2/1/2028,2028,1,1,1
2/2/2028,2028,1,1,1
2/3/2028,2028,1,1,1
2/4/2028,2028,1,1,1
2/5/2028,2028,1,1,1
2/6/2028,2028,1,1,1
2/7/2028,2028,1,1,1
2/8/2028,2028,2,1,1
2/9/2028,2028,2,1,1
2/10/2028,2028,2,1,1
2/11/2028,2028,2,1,1
2/12/2028,2028,2,1,1
2/13/2028,2028,2,1,1
2/14/2028,2028,2,1,1
2/15/2028,2028,3,1,1
2/16/2028,2028,3,1,1
2/17/2028,2028,3,1,1
2/18/2028,2028,3,1,1
2/19/2028,2028,3,1,1
2/20/2028,2028,3,1,1
2/21/2028,2028,3,1,1
2/22/2028,2028,4,1,1
2/23/2028,2028,4,1,1
2/24/2028,2028,4,1,1
2/25/2028,2028,4,1,1
2/26/2028,2028,4,1,1
2/27/2028,2028,4,1,1
2/28/2028,2028,4,1,1
2/29/2028,2028,5,2,1
3/1/2028,2028,5,2,1
3/2/2028,2028,5,2,1
3/3/2028,2028,5,2,1
3/4/2028,2028,5,2,1
3/5/2028,2028,5,2,1
3/6/2028,2028,5,2,1
3/7/2028,2028,6,2,1
3/8/2028,2028,6,2,1
3/9/2028,2028,6,2,1
3/10/2028,2028,6,2,1
3/11/2028,2028,6,2,1
3/12/2028,2028,6,2,1
3/13/2028,2028,6,2,1
3/14/2028,2028,7,2,1
3/15/2028,2028,7,2,1
3/16/2028,2028,7,2,1
3/17/2028,2028,7,2,1
3/18/2028,2028,7,2,1
3/19/2028,2028,7,2,1
3/20/2028,2028,7,2,1
3/21/2028,2028,8,2,1
3/22/2028,2028,8,2,1
3/23/2028,2028,8,2,1
3/24/2028,2028,8,2,1
3/25/2028,2028,8,2,1
3/26/2028,2028,8,2,1
3/27/2028,2028,8,2,1
3/28/2028,2028,9,2,1
3/29/2028,2028,9,2,1
3/30/2028,2028,9,2,1
3/31/2028,2028,9,2,1
4/1/2028,2028,9,2,1
4/2/2028,2028,9,2,1
4/3/2028,2028,9,2,1
4/4/2028,2028,10,3,1
4/5/2028,2028,10,3,1
4/6/2028,2028,10,3,1
4/7/2028,2028,10,3,1
4/8/2028,2028,10,3,1
4/9/2028,2028,10,3,1
4/10/2028,2028,10,3,1
4/11/2028,2028,11,3,1
4/12/2028,2028,11,3,1
4/13/2028,2028,11,3,1
4/14/2028,2028,11,3,1
4/15/2028,2028,11,3,1
4/16/2028,2028,11,3,1
4/17/2028,2028,11,3,1
4/18/2028,2028,12,3,1
4/19/2028,2028,12,3,1
4/20/2028,2028,12,3,1
4/21/2028,2028,12,3,1
4/22/2028,2028,12,3,1
4/23/2028,2028,12,3,1
4/24/2028,2028,12,3,1
4/25/2028,2028,13,3,1
4/26/2028,2028,13,3,1
4/27/2028,2028,13,3,1
4/28/2028,2028,13,3,1
4/29/2028,2028,13,3,1
4/30/2028,2028,13,3,1
5/1/2028,2028,13,3,1
5/2/2028,2028,14,4,2
5/3/2028,2028,14,4,2
5/4/2028,2028,14,4,2
5/5/2028,2028,14,4,2
5/6/2028,2028,14,4,2
5/7/2028,2028,14,4,2
5/8/2028,2028,14,4,2
5/9/2028,2028,15,4,2
5/10/2028,2028,15,4,2
5/11/2028,2028,15,4,2
5/12/2028,2028,15,4,2
5/13/2028,2028,15,4,2
5/14/2028,2028,15,4,2
5/15/2028,2028,15,4,2
5/16/2028,2028,16,4,2
5/17/2028,2028,16,4,2
5/18/2028,2028,16,4,2
5/19/2028,2028,16,4,2
5/20/2028,2028,16,4,2
5/21/2028,2028,16,4,2
5/22/2028,2028,16,4,2
5/23/2028,2028,17,4,2
5/24/2028,2028,17,4,2
5/25/2028,2028,17,4,2
5/26/2028,2028,17,4,2
5/27/2028,2028,17,4,2
5/28/2028,2028,17,4,2
5/29/2028,2028,17,4,2
5/30/2028,2028,18,5,2
5/31/2028,2028,18,5,2
6/1/2028,2028,18,5,2
6/2/2028,2028,18,5,2
6/3/2028,2028,18,5,2
6/4/2028,2028,18,5,2
6/5/2028,2028,18,5,2
6/6/2028,2028,19,5,2
6/7/2028,2028,19,5,2
6/8/2028,2028,19,5,2
6/9/2028,2028,19,5,2
6/10/2028,2028,19,5,2
6/11/2028,2028,19,5,2
6/12/2028,2028,19,5,2
6/13/2028,2028,20,5,2
6/14/2028,2028,20,5,2
6/15/2028,2028,20,5,2
6/16/2028,2028,20,5,2
6/17/2028,2028,20,5,2
6/18/2028,2028,20,5,2
6/19/2028,2028,20,5,2
6/20/2028,2028,21,5,2
6/21/2028,2028,21,5,2
6/22/2028,2028,21,5,2
6/23/2028,2028,21,5,2
6/24/2028,2028,21,5,2
6/25/2028,2028,21,5,2
6/26/2028,2028,21,5,2
6/27/2028,2028,22,5,2
6/28/2028,2028,22,5,2
6/29/2028,2028,22,5,2
6/30/2028,2028,22,5,2
7/1/2028,2028,22,5,2
7/2/2028,2028,22,5,2
7/3/2028,2028,22,5,2
7/4/2028,2028,23,6,2
7/5/2028,2028,23,6,2
7/6/2028,2028,23,6,2
7/7/2028,2028,23,6,2
7/8/2028,2028,23,6,2
7/9/2028,2028,23,6,2
7/10/2028,2028,23,6,2
7/11/2028,2028,24,6,2
7/12/2028,2028,24,6,2
7/13/2028,2028,24,6,2
7/14/2028,2028,24,6,2
7/15/2028,2028,24,6,2
7/16/2028,2028,24,6,2
7/17/2028,2028,24,6,2
7/18/2028,2028,25,6,2
7/19/2028,2028,25,6,2
7/20/2028,2028,25,6,2
7/21/2028,2028,25,6,2
7/22/2028,2028,25,6,2
7/23/2028,2028,25,6,2
7/24/2028,2028,25,6,2
7/25/2028,2028,26,6,2
7/26/2028,2028,26,6,2
7/27/2028,2028,26,6,2
7/28/2028,2028,26,6,2
7/29/2028,2028,26,6,2
7/30/2028,2028,26,6,2
7/31/2028,2028,26,6,2
8/1/2028,2028,27,7,3
8/2/2028,2028,27,7,3
8/3/2028,2028,27,7,3
8/4/2028,2028,27,7,3
8/5/2028,2028,27,7,3
8/6/2028,2028,27,7,3
8/7/2028,2028,27,7,3
8/8/2028,2028,28,7,3
8/9/2028,2028,28,7,3
8/10/2028,2028,28,7,3
8/11/2028,2028,28,7,3
8/12/2028,2028,28,7,3
8/13/2028,2028,28,7,3
8/14/2028,2028,28,7,3
8/15/2028,2028,29,7,3
8/16/2028,2028,29,7,3
8/17/2028,2028,29,7,3
8/18/2028,2028,29,7,3
8/19/2028,2028,29,7,3
8/20/2028,2028,29,7,3
8/21/2028,2028,29,7,3
8/22/2028,2028,30,7,3
8/23/2028,2028,30,7,3
8/24/2028,2028,30,7,3
8/25/2028,2028,30,7,3
8/26/2028,2028,30,7,3
8/27/2028,2028,30,7,3
8/28/2028,2028,30,7,3
8/29/2028,2028,31,8,3
8/30/2028,2028,31,8,3
8/31/2028,2028,31,8,3
9/1/2028,2028,31,8,3
9/2/2028,2028,31,8,3
9/3/2028,2028,31,8,3
9/4/2028,2028,31,8,3
9/5/2028,2028,32,8,3
9/6/2028,2028,32,8,3
9/7/2028,2028,32,8,3
9/8/2028,2028,32,8,3
9/9/2028,2028,32,8,3
9/10/2028,2028,32,8,3
9/11/2028,2028,32,8,3
9/12/2028,2028,33,8,3
9/13/2028,2028,33,8,3
9/14/2028,2028,33,8,3
9/15/2028,2028,33,8,3
9/16/2028,2028,33,8,3
9/17/2028,2028,33,8,3
9/18/2028,2028,33,8,3
9/19/2028,2028,34,8,3
9/20/2028,2028,34,8,3
9/21/2028,2028,34,8,3
9/22/2028,2028,34,8,3
9/23/2028,2028,34,8,3
9/24/2028,2028,34,8,3
9/25/2028,2028,34,8,3
9/26/2028,2028,35,8,3
9/27/2028,2028,35,8,3
9/28/2028,2028,35,8,3
9/29/2028,2028,35,8,3
9/30/2028,2028,35,8,3
10/1/2028,2028,35,8,3
10/2/2028,2028,35,8,3
10/3/2028,2028,36,9,3
10/4/2028,2028,36,9,3
10/5/2028,2028,36,9,3
10/6/2028,2028,36,9,3
10/7/2028,2028,36,9,3
10/8/2028,2028,36,9,3
10/9/2028,2028,36,9,3
10/10/2028,2028,37,9,3
10/11/2028,2028,37,9,3
10/12/2028,2028,37,9,3
10/13/2028,2028,37,9,3
10/14/2028,2028,37,9,3
10/15/2028,2028,37,9,3
10/16/2028,2028,37,9,3
10/17/2028,2028,38,9,3
10/18/2028,2028,38,9,3
10/19/2028,2028,38,9,3
10/20/2028,2028,38,9,3
10/21/2028,2028,38,9,3
10/22/2028,2028,38,9,3
10/23/2028,2028,38,9,3
10/24/2028,2028,39,9,3
10/25/2028,2028,39,9,3
10/26/2028,2028,39,9,3
10/27/2028,2028,39,9,3
10/28/2028,2028,39,9,3
10/29/2028,2028,39,9,3
10/30/2028,2028,39,9,3
10/31/2028,2028,40,10,4
11/1/2028,2028,40,10,4
11/2/2028,2028,40,10,4
11/3/2028,2028,40,10,4
11/4/2028,2028,40,10,4
11/5/2028,2028,40,10,4
11/6/2028,2028,40,10,4
11/7/2028,2028,41,10,4
11/8/2028,2028,41,10,4
11/9/2028,2028,41,10,4
11/10/2028,2028,41,10,4
11/11/2028,2028,41,10,4
11/12/2028,2028,41,10,4
11/13/2028,2028,41,10,4
11/14/2028,2028,42,10,4
11/15/2028,2028,42,10,4
11/16/2028,2028,42,10,4
11/17/2028,2028,42,10,4
11/18/2028,2028,42,10,4
11/19/2028,2028,42,10,4
11/20/2028,2028,42,10,4
11/21/2028,2028,43,10,4
11/22/2028,2028,43,10,4
11/23/2028,2028,43,10,4
11/24/2028,2028,43,10,4
11/25/2028,2028,43,10,4
11/26/2028,2028,43,10,4
11/27/2028,2028,43,10,4
11/28/2028,2028,44,11,4
11/29/2028,2028,44,11,4
11/30/2028,2028,44,11,4
12/1/2028,2028,44,11,4
12/2/2028,2028,44,11,4
12/3/2028,2028,44,11,4
12/4/2028,2028,44,11,4
12/5/2028,2028,45,11,4
12/6/2028,2028,45,11,4
12/7/2028,2028,45,11,4
12/8/2028,2028,45,11,4
12/9/2028,2028,45,11,4
12/10/2028,2028,45,11,4
12/11/2028,2028,45,11,4
12/12/2028,2028,46,11,4
12/13/2028,2028,46,11,4
12/14/2028,2028,46,11,4
12/15/2028,2028,46,11,4
12/16/2028,2028,46,11,4
12/17/2028,2028,46,11,4
12/18/2028,2028,46,11,4
12/19/2028,2028,47,11,4
12/20/2028,2028,47,11,4
12/21/2028,2028,47,11,4
12/22/2028,2028,47,11,4
12/23/2028,2028,47,11,4
12/24/2028,2028,47,11,4
12/25/2028,2028,47,11,4
12/26/2028,2028,48,11,4
12/27/2028,2028,48,11,4
12/28/2028,2028,48,11,4
12/29/2028,2028,48,11,4
12/30/2028,2028,48,11,4
12/31/2028,2028,48,11,4
1/1/2029,2028,48,11,4
1/2/2029,2028,49,12,4
1/3/2029,2028,49,12,4
1/4/2029,2028,49,12,4
1/5/2029,2028,49,12,4
1/6/2029,2028,49,12,4
1/7/2029,2028,49,12,4
1/8/2029,2028,49,12,4
1/9/2029,2028,50,12,4
1/10/2029,2028,50,12,4
1/11/2029,2028,50,12,4
1/12/2029,2028,50,12,4
1/13/2029,2028,50,12,4
1/14/2029,2028,50,12,4
1/15/2029,2028,50,12,4
1/16/2029,2028,51,12,4
1/17/2029,2028,51,12,4
1/18/2029,2028,51,12,4
1/19/2029,2028,51,12,4
1/20/2029,2028,51,12,4
1/21/2029,2028,51,12,4
1/22/2029,2028,51,12,4
1/23/2029,2028,52,12,4
1/24/2029,2028,52,12,4
1/25/2029,2028,52,12,4
1/26/2029,2028,52,12,4
1/27/2029,2028,52,12,4
1/28/2029,2028,52,12,4
1/29/2029,2028,52,12,4
1/30/2029,2028,53,12,4
1/31/2029,2028,53,12,4
2/1/2029,2029,1,1,1
2/2/2029,2029,1,1,1
2/3/2029,2029,1,1,1
2/4/2029,2029,1,1,1
2/5/2029,2029,1,1,1
2/6/2029,2029,1,1,1
2/7/2029,2029,1,1,1
2/8/2029,2029,2,1,1
2/9/2029,2029,2,1,1
2/10/2029,2029,2,1,1
2/11/2029,2029,2,1,1
2/12/2029,2029,2,1,1
2/13/2029,2029,2,1,1
2/14/2029,2029,2,1,1
2/15/2029,2029,3,1,1
2/16/2029,2029,3,1,1
2/17/2029,2029,3,1,1
2/18/2029,2029,3,1,1
2/19/2029,2029,3,1,1
2/20/2029,2029,3,1,1
2/21/2029,2029,3,1,1
2/22/2029,2029,4,1,1
2/23/2029,2029,4,1,1
2/24/2029,2029,4,1,1
2/25/2029,2029,4,1,1
2/26/2029,2029,4,1,1
2/27/2029,2029,4,1,1
2/28/2029,2029,4,1,1
3/1/2029,2029,5,2,1
3/2/2029,2029,5,2,1
3/3/2029,2029,5,2,1
3/4/2029,2029,5,2,1
3/5/2029,2029,5,2,1
3/6/2029,2029,5,2,1
3/7/2029,2029,5,2,1
3/8/2029,2029,6,2,1
3/9/2029,2029,6,2,1
3/10/2029,2029,6,2,1
3/11/2029,2029,6,2,1
3/12/2029,2029,6,2,1
3/13/2029,2029,6,2,1
3/14/2029,2029,6,2,1
3/15/2029,2029,7,2,1
3/16/2029,2029,7,2,1
3/17/2029,2029,7,2,1
3/18/2029,2029,7,2,1
3/19/2029,2029,7,2,1
3/20/2029,2029,7,2,1
3/21/2029,2029,7,2,1
3/22/2029,2029,8,2,1
3/23/2029,2029,8,2,1
3/24/2029,2029,8,2,1
3/25/2029,2029,8,2,1
3/26/2029,2029,8,2,1
3/27/2029,2029,8,2,1
3/28/2029,2029,8,2,1
3/29/2029,2029,9,2,1
3/30/2029,2029,9,2,1
3/31/2029,2029,9,2,1
4/1/2029,2029,9,2,1
4/2/2029,2029,9,2,1
4/3/2029,2029,9,2,1
4/4/2029,2029,9,2,1
4/5/2029,2029,10,3,1
4/6/2029,2029,10,3,1
4/7/2029,2029,10,3,1
4/8/2029,2029,10,3,1
4/9/2029,2029,10,3,1
4/10/2029,2029,10,3,1
4/11/2029,2029,10,3,1
4/12/2029,2029,11,3,1
4/13/2029,2029,11,3,1
4/14/2029,2029,11,3,1
4/15/2029,2029,11,3,1
4/16/2029,2029,11,3,1
4/17/2029,2029,11,3,1
4/18/2029,2029,11,3,1
4/19/2029,2029,12,3,1
4/20/2029,2029,12,3,1
4/21/2029,2029,12,3,1
4/22/2029,2029,12,3,1
4/23/2029,2029,12,3,1
4/24/2029,2029,12,3,1
4/25/2029,2029,12,3,1
4/26/2029,2029,13,3,1
4/27/2029,2029,13,3,1
4/28/2029,2029,13,3,1
4/29/2029,2029,13,3,1
4/30/2029,2029,13,3,1
5/1/2029,2029,13,3,1
5/2/2029,2029,13,3,1
5/3/2029,2029,14,4,2
5/4/2029,2029,14,4,2
5/5/2029,2029,14,4,2
5/6/2029,2029,14,4,2
5/7/2029,2029,14,4,2
5/8/2029,2029,14,4,2
5/9/2029,2029,14,4,2
5/10/2029,2029,15,4,2
5/11/2029,2029,15,4,2
5/12/2029,2029,15,4,2
5/13/2029,2029,15,4,2
5/14/2029,2029,15,4,2
5/15/2029,2029,15,4,2
5/16/2029,2029,15,4,2
5/17/2029,2029,16,4,2
5/18/2029,2029,16,4,2
5/19/2029,2029,16,4,2
5/20/2029,2029,16,4,2
5/21/2029,2029,16,4,2
5/22/2029,2029,16,4,2
5/23/2029,2029,16,4,2
5/24/2029,2029,17,4,2
5/25/2029,2029,17,4,2
5/26/2029,2029,17,4,2
5/27/2029,2029,17,4,2
5/28/2029,2029,17,4,2
5/29/2029,2029,17,4,2
5/30/2029,2029,17,4,2
5/31/2029,2029,18,5,2
6/1/2029,2029,18,5,2
6/2/2029,2029,18,5,2
6/3/2029,2029,18,5,2
6/4/2029,2029,18,5,2
6/5/2029,2029,18,5,2
6/6/2029,2029,18,5,2
6/7/2029,2029,19,5,2
6/8/2029,2029,19,5,2
6/9/2029,2029,19,5,2
6/10/2029,2029,19,5,2
6/11/2029,2029,19,5,2
6/12/2029,2029,19,5,2
6/13/2029,2029,19,5,2
6/14/2029,2029,20,5,2
6/15/2029,2029,20,5,2
6/16/2029,2029,20,5,2
6/17/2029,2029,20,5,2
6/18/2029,2029,20,5,2
6/19/2029,2029,20,5,2
6/20/2029,2029,20,5,2
6/21/2029,2029,21,5,2
6/22/2029,2029,21,5,2
6/23/2029,2029,21,5,2
6/24/2029,2029,21,5,2
6/25/2029,2029,21,5,2
6/26/2029,2029,21,5,2
6/27/2029,2029,21,5,2
6/28/2029,2029,22,5,2
6/29/2029,2029,22,5,2
6/30/2029,2029,22,5,2
7/1/2029,2029,22,5,2
7/2/2029,2029,22,5,2
7/3/2029,2029,22,5,2
7/4/2029,2029,22,5,2
7/5/2029,2029,23,6,2
7/6/2029,2029,23,6,2
7/7/2029,2029,23,6,2
7/8/2029,2029,23,6,2
7/9/2029,2029,23,6,2
7/10/2029,2029,23,6,2
7/11/2029,2029,23,6,2
7/12/2029,2029,24,6,2
7/13/2029,2029,24,6,2
7/14/2029,2029,24,6,2
7/15/2029,2029,24,6,2
7/16/2029,2029,24,6,2
7/17/2029,2029,24,6,2
7/18/2029,2029,24,6,2
7/19/2029,2029,25,6,2
7/20/2029,2029,25,6,2
7/21/2029,2029,25,6,2
7/22/2029,2029,25,6,2
7/23/2029,2029,25,6,2
7/24/2029,2029,25,6,2
7/25/2029,2029,25,6,2
7/26/2029,2029,26,6,2
7/27/2029,2029,26,6,2
7/28/2029,2029,26,6,2
7/29/2029,2029,26,6,2
7/30/2029,2029,26,6,2
7/31/2029,2029,26,6,2
8/1/2029,2029,26,6,2
8/2/2029,2029,27,7,3
8/3/2029,2029,27,7,3
8/4/2029,2029,27,7,3
8/5/2029,2029,27,7,3
8/6/2029,2029,27,7,3
8/7/2029,2029,27,7,3
8/8/2029,2029,27,7,3
8/9/2029,2029,28,7,3
8/10/2029,2029,28,7,3
8/11/2029,2029,28,7,3
8/12/2029,2029,28,7,3
8/13/2029,2029,28,7,3
8/14/2029,2029,28,7,3
8/15/2029,2029,28,7,3
8/16/2029,2029,29,7,3
8/17/2029,2029,29,7,3
8/18/2029,2029,29,7,3
8/19/2029,2029,29,7,3
8/20/2029,2029,29,7,3
8/21/2029,2029,29,7,3
8/22/2029,2029,29,7,3
8/23/2029,2029,30,7,3
8/24/2029,2029,30,7,3
8/25/2029,2029,30,7,3
8/26/2029,2029,30,7,3
8/27/2029,2029,30,7,3
8/28/2029,2029,30,7,3
8/29/2029,2029,30,7,3
8/30/2029,2029,31,8,3
8/31/2029,2029,31,8,3
9/1/2029,2029,31,8,3
9/2/2029,2029,31,8,3
9/3/2029,2029,31,8,3
9/4/2029,2029,31,8,3
9/5/2029,2029,31,8,3
9/6/2029,2029,32,8,3
9/7/2029,2029,32,8,3
9/8/2029,2029,32,8,3
9/9/2029,2029,32,8,3
9/10/2029,2029,32,8,3
9/11/2029,2029,32,8,3
9/12/2029,2029,32,8,3
9/13/2029,2029,33,8,3
9/14/2029,2029,33,8,3
9/15/2029,2029,33,8,3
9/16/2029,2029,33,8,3
9/17/2029,2029,33,8,3
9/18/2029,2029,33,8,3
9/19/2029,2029,33,8,3
9/20/2029,2029,34,8,3
9/21/2029,2029,34,8,3
9/22/2029,2029,34,8,3
9/23/2029,2029,34,8,3
9/24/2029,2029,34,8,3
9/25/2029,2029,34,8,3
9/26/2029,2029,34,8,3
9/27/2029,2029,35,8,3
9/28/2029,2029,35,8,3
9/29/2029,2029,35,8,3
9/30/2029,2029,35,8,3
10/1/2029,2029,35,8,3
10/2/2029,2029,35,8,3
10/3/2029,2029,35,8,3
10/4/2029,2029,36,9,3
10/5/2029,2029,36,9,3
10/6/2029,2029,36,9,3
10/7/2029,2029,36,9,3
10/8/2029,2029,36,9,3
10/9/2029,2029,36,9,3
10/10/2029,2029,36,9,3
10/11/2029,2029,37,9,3
10/12/2029,2029,37,9,3
10/13/2029,2029,37,9,3
10/14/2029,2029,37,9,3
10/15/2029,2029,37,9,3
10/16/2029,2029,37,9,3
10/17/2029,2029,37,9,3
10/18/2029,2029,38,9,3
10/19/2029,2029,38,9,3
10/20/2029,2029,38,9,3
10/21/2029,2029,38,9,3
10/22/2029,2029,38,9,3
10/23/2029,2029,38,9,3
10/24/2029,2029,38,9,3
10/25/2029,2029,39,9,3
10/26/2029,2029,39,9,3
10/27/2029,2029,39,9,3
10/28/2029,2029,39,9,3
10/29/2029,2029,39,9,3
10/30/2029,2029,39,9,3
10/31/2029,2029,39,9,3
11/1/2029,2029,40,10,4
11/2/2029,2029,40,10,4
11/3/2029,2029,40,10,4
11/4/2029,2029,40,10,4
11/5/2029,2029,40,10,4
11/6/2029,2029,40,10,4
11/7/2029,2029,40,10,4
11/8/2029,2029,41,10,4
11/9/2029,2029,41,10,4
11/10/2029,2029,41,10,4
11/11/2029,2029,41,10,4
11/12/2029,2029,41,10,4
11/13/2029,2029,41,10,4
11/14/2029,2029,41,10,4
11/15/2029,2029,42,10,4
11/16/2029,2029,42,10,4
11/17/2029,2029,42,10,4
11/18/2029,2029,42,10,4
11/19/2029,2029,42,10,4
11/20/2029,2029,42,10,4
11/21/2029,2029,42,10,4
11/22/2029,2029,43,10,4
11/23/2029,2029,43,10,4
11/24/2029,2029,43,10,4
11/25/2029,2029,43,10,4
11/26/2029,2029,43,10,4
11/27/2029,2029,43,10,4
11/28/2029,2029,43,10,4
11/29/2029,2029,44,11,4
11/30/2029,2029,44,11,4
12/1/2029,2029,44,11,4
12/2/2029,2029,44,11,4
12/3/2029,2029,44,11,4
12/4/2029,2029,44,11,4
12/5/2029,2029,44,11,4
12/6/2029,2029,45,11,4
12/7/2029,2029,45,11,4
12/8/2029,2029,45,11,4
12/9/2029,2029,45,11,4
12/10/2029,2029,45,11,4
12/11/2029,2029,45,11,4
12/12/2029,2029,45,11,4
12/13/2029,2029,46,11,4
12/14/2029,2029,46,11,4
12/15/2029,2029,46,11,4
12/16/2029,2029,46,11,4
12/17/2029,2029,46,11,4
12/18/2029,2029,46,11,4
12/19/2029,2029,46,11,4
12/20/2029,2029,47,11,4
12/21/2029,2029,47,11,4
12/22/2029,2029,47,11,4
12/23/2029,2029,47,11,4
12/24/2029,2029,47,11,4
12/25/2029,2029,47,11,4
12/26/2029,2029,47,11,4
12/27/2029,2029,48,11,4
12/28/2029,2029,48,11,4
12/29/2029,2029,48,11,4
12/30/2029,2029,48,11,4
12/31/2029,2029,48,11,4
1/1/2030,2029,48,11,4
1/2/2030,2029,48,11,4
1/3/2030,2029,49,12,4
1/4/2030,2029,49,12,4
1/5/2030,2029,49,12,4
1/6/2030,2029,49,12,4
1/7/2030,2029,49,12,4
1/8/2030,2029,49,12,4
1/9/2030,2029,49,12,4
1/10/2030,2029,50,12,4
1/11/2030,2029,50,12,4
1/12/2030,2029,50,12,4
1/13/2030,2029,50,12,4
1/14/2030,2029,50,12,4
1/15/2030,2029,50,12,4
1/16/2030,2029,50,12,4
1/17/2030,2029,51,12,4
1/18/2030,2029,51,12,4
1/19/2030,2029,51,12,4
1/20/2030,2029,51,12,4
1/21/2030,2029,51,12,4
1/22/2030,2029,51,12,4
1/23/2030,2029,51,12,4
1/24/2030,2029,52,12,4
1/25/2030,2029,52,12,4
1/26/2030,2029,52,12,4
1/27/2030,2029,52,12,4
1/28/2030,2029,52,12,4
1/29/2030,2029,52,12,4
1/30/2030,2029,52,12,4
1/31/2030,2029,53,12,4
2/1/2030,2030,1,1,1
2/2/2030,2030,1,1,1
2/3/2030,2030,1,1,1
2/4/2030,2030,1,1,1
2/5/2030,2030,1,1,1
2/6/2030,2030,1,1,1
2/7/2030,2030,1,1,1
2/8/2030,2030,2,1,1
2/9/2030,2030,2,1,1
2/10/2030,2030,2,1,1
2/11/2030,2030,2,1,1
2/12/2030,2030,2,1,1
2/13/2030,2030,2,1,1
2/14/2030,2030,2,1,1
2/15/2030,2030,3,1,1
2/16/2030,2030,3,1,1
2/17/2030,2030,3,1,1
2/18/2030,2030,3,1,1
2/19/2030,2030,3,1,1
2/20/2030,2030,3,1,1
2/21/2030,2030,3,1,1
2/22/2030,2030,4,1,1
2/23/2030,2030,4,1,1
2/24/2030,2030,4,1,1
2/25/2030,2030,4,1,1
2/26/2030,2030,4,1,1
2/27/2030,2030,4,1,1
2/28/2030,2030,4,1,1
3/1/2030,2030,5,2,1
3/2/2030,2030,5,2,1
3/3/2030,2030,5,2,1
3/4/2030,2030,5,2,1
3/5/2030,2030,5,2,1
3/6/2030,2030,5,2,1
3/7/2030,2030,5,2,1
3/8/2030,2030,6,2,1
3/9/2030,2030,6,2,1
3/10/2030,2030,6,2,1
3/11/2030,2030,6,2,1
3/12/2030,2030,6,2,1
3/13/2030,2030,6,2,1
3/14/2030,2030,6,2,1
3/15/2030,2030,7,2,1
3/16/2030,2030,7,2,1
3/17/2030,2030,7,2,1
3/18/2030,2030,7,2,1
3/19/2030,2030,7,2,1
3/20/2030,2030,7,2,1
3/21/2030,2030,7,2,1
3/22/2030,2030,8,2,1
3/23/2030,2030,8,2,1
3/24/2030,2030,8,2,1
3/25/2030,2030,8,2,1
3/26/2030,2030,8,2,1
3/27/2030,2030,8,2,1
3/28/2030,2030,8,2,1
3/29/2030,2030,9,2,1
3/30/2030,2030,9,2,1
3/31/2030,2030,9,2,1
4/1/2030,2030,9,2,1
4/2/2030,2030,9,2,1
4/3/2030,2030,9,2,1
4/4/2030,2030,9,2,1
4/5/2030,2030,10,3,1
4/6/2030,2030,10,3,1
4/7/2030,2030,10,3,1
4/8/2030,2030,10,3,1
4/9/2030,2030,10,3,1
4/10/2030,2030,10,3,1
4/11/2030,2030,10,3,1
4/12/2030,2030,11,3,1
4/13/2030,2030,11,3,1
4/14/2030,2030,11,3,1
4/15/2030,2030,11,3,1
4/16/2030,2030,11,3,1
4/17/2030,2030,11,3,1
4/18/2030,2030,11,3,1
4/19/2030,2030,12,3,1
4/20/2030,2030,12,3,1
4/21/2030,2030,12,3,1
4/22/2030,2030,12,3,1
4/23/2030,2030,12,3,1
4/24/2030,2030,12,3,1
4/25/2030,2030,12,3,1
4/26/2030,2030,13,3,1
4/27/2030,2030,13,3,1
4/28/2030,2030,13,3,1
4/29/2030,2030,13,3,1
4/30/2030,2030,13,3,1
5/1/2030,2030,13,3,1
5/2/2030,2030,13,3,1
5/3/2030,2030,14,4,2
5/4/2030,2030,14,4,2
5/5/2030,2030,14,4,2
5/6/2030,2030,14,4,2
5/7/2030,2030,14,4,2
5/8/2030,2030,14,4,2
5/9/2030,2030,14,4,2
5/10/2030,2030,15,4,2
5/11/2030,2030,15,4,2
5/12/2030,2030,15,4,2
5/13/2030,2030,15,4,2
5/14/2030,2030,15,4,2
5/15/2030,2030,15,4,2
5/16/2030,2030,15,4,2
5/17/2030,2030,16,4,2
5/18/2030,2030,16,4,2
5/19/2030,2030,16,4,2
5/20/2030,2030,16,4,2
5/21/2030,2030,16,4,2
5/22/2030,2030,16,4,2
5/23/2030,2030,16,4,2
5/24/2030,2030,17,4,2
5/25/2030,2030,17,4,2
5/26/2030,2030,17,4,2
5/27/2030,2030,17,4,2
5/28/2030,2030,17,4,2
5/29/2030,2030,17,4,2
5/30/2030,2030,17,4,2
5/31/2030,2030,18,5,2
6/1/2030,2030,18,5,2
6/2/2030,2030,18,5,2
6/3/2030,2030,18,5,2
6/4/2030,2030,18,5,2
6/5/2030,2030,18,5,2
6/6/2030,2030,18,5,2
6/7/2030,2030,19,5,2
6/8/2030,2030,19,5,2
6/9/2030,2030,19,5,2
6/10/2030,2030,19,5,2
6/11/2030,2030,19,5,2
6/12/2030,2030,19,5,2
6/13/2030,2030,19,5,2
6/14/2030,2030,20,5,2
6/15/2030,2030,20,5,2
6/16/2030,2030,20,5,2
6/17/2030,2030,20,5,2
6/18/2030,2030,20,5,2
6/19/2030,2030,20,5,2
6/20/2030,2030,20,5,2
6/21/2030,2030,21,5,2
6/22/2030,2030,21,5,2
6/23/2030,2030,21,5,2
6/24/2030,2030,21,5,2
6/25/2030,2030,21,5,2
6/26/2030,2030,21,5,2
6/27/2030,2030,21,5,2
6/28/2030,2030,22,5,2
6/29/2030,2030,22,5,2
6/30/2030,2030,22,5,2
7/1/2030,2030,22,5,2
7/2/2030,2030,22,5,2
7/3/2030,2030,22,5,2
7/4/2030,2030,22,5,2
7/5/2030,2030,23,6,2
7/6/2030,2030,23,6,2
7/7/2030,2030,23,6,2
7/8/2030,2030,23,6,2
7/9/2030,2030,23,6,2
7/10/2030,2030,23,6,2
7/11/2030,2030,23,6,2
7/12/2030,2030,24,6,2
7/13/2030,2030,24,6,2
7/14/2030,2030,24,6,2
7/15/2030,2030,24,6,2
7/16/2030,2030,24,6,2
7/17/2030,2030,24,6,2
7/18/2030,2030,24,6,2
7/19/2030,2030,25,6,2
7/20/2030,2030,25,6,2
7/21/2030,2030,25,6,2
7/22/2030,2030,25,6,2
7/23/2030,2030,25,6,2
7/24/2030,2030,25,6,2
7/25/2030,2030,25,6,2
7/26/2030,2030,26,6,2
7/27/2030,2030,26,6,2
7/28/2030,2030,26,6,2
7/29/2030,2030,26,6,2
7/30/2030,2030,26,6,2
7/31/2030,2030,26,6,2
8/1/2030,2030,26,6,2
8/2/2030,2030,27,7,3
8/3/2030,2030,27,7,3
8/4/2030,2030,27,7,3
8/5/2030,2030,27,7,3
8/6/2030,2030,27,7,3
8/7/2030,2030,27,7,3
8/8/2030,2030,27,7,3
8/9/2030,2030,28,7,3
8/10/2030,2030,28,7,3
8/11/2030,2030,28,7,3
8/12/2030,2030,28,7,3
8/13/2030,2030,28,7,3
8/14/2030,2030,28,7,3
8/15/2030,2030,28,7,3
8/16/2030,2030,29,7,3
8/17/2030,2030,29,7,3
8/18/2030,2030,29,7,3
8/19/2030,2030,29,7,3
8/20/2030,2030,29,7,3
8/21/2030,2030,29,7,3
8/22/2030,2030,29,7,3
8/23/2030,2030,30,7,3
8/24/2030,2030,30,7,3
8/25/2030,2030,30,7,3
8/26/2030,2030,30,7,3
8/27/2030,2030,30,7,3
8/28/2030,2030,30,7,3
8/29/2030,2030,30,7,3
8/30/2030,2030,31,8,3
8/31/2030,2030,31,8,3
9/1/2030,2030,31,8,3
9/2/2030,2030,31,8,3
9/3/2030,2030,31,8,3
9/4/2030,2030,31,8,3
9/5/2030,2030,31,8,3
9/6/2030,2030,32,8,3
9/7/2030,2030,32,8,3
9/8/2030,2030,32,8,3
9/9/2030,2030,32,8,3
9/10/2030,2030,32,8,3
9/11/2030,2030,32,8,3
9/12/2030,2030,32,8,3
9/13/2030,2030,33,8,3
9/14/2030,2030,33,8,3
9/15/2030,2030,33,8,3
9/16/2030,2030,33,8,3
9/17/2030,2030,33,8,3
9/18/2030,2030,33,8,3
9/19/2030,2030,33,8,3
9/20/2030,2030,34,8,3
9/21/2030,2030,34,8,3
9/22/2030,2030,34,8,3
9/23/2030,2030,34,8,3
9/24/2030,2030,34,8,3
9/25/2030,2030,34,8,3
9/26/2030,2030,34,8,3
9/27/2030,2030,35,8,3
9/28/2030,2030,35,8,3
9/29/2030,2030,35,8,3
9/30/2030,2030,35,8,3
10/1/2030,2030,35,8,3
10/2/2030,2030,35,8,3
10/3/2030,2030,35,8,3
10/4/2030,2030,36,9,3
10/5/2030,2030,36,9,3
10/6/2030,2030,36,9,3
10/7/2030,2030,36,9,3
10/8/2030,2030,36,9,3
10/9/2030,2030,36,9,3
10/10/2030,2030,36,9,3
10/11/2030,2030,37,9,3
10/12/2030,2030,37,9,3
10/13/2030,2030,37,9,3
10/14/2030,2030,37,9,3
10/15/2030,2030,37,9,3
10/16/2030,2030,37,9,3
10/17/2030,2030,37,9,3
10/18/2030,2030,38,9,3
10/19/2030,2030,38,9,3
10/20/2030,2030,38,9,3
10/21/2030,2030,38,9,3
10/22/2030,2030,38,9,3
10/23/2030,2030,38,9,3
10/24/2030,2030,38,9,3
10/25/2030,2030,39,9,3
10/26/2030,2030,39,9,3
10/27/2030,2030,39,9,3
10/28/2030,2030,39,9,3
10/29/2030,2030,39,9,3
10/30/2030,2030,39,9,3
10/31/2030,2030,39,9,3
11/1/2030,2030,40,10,4
11/2/2030,2030,40,10,4
11/3/2030,2030,40,10,4
11/4/2030,2030,40,10,4
11/5/2030,2030,40,10,4
11/6/2030,2030,40,10,4
11/7/2030,2030,40,10,4
11/8/2030,2030,41,10,4
11/9/2030,2030,41,10,4
11/10/2030,2030,41,10,4
11/11/2030,2030,41,10,4
11/12/2030,2030,41,10,4
11/13/2030,2030,41,10,4
11/14/2030,2030,41,10,4
11/15/2030,2030,42,10,4
11/16/2030,2030,42,10,4
11/17/2030,2030,42,10,4
11/18/2030,2030,42,10,4
11/19/2030,2030,42,10,4
11/20/2030,2030,42,10,4
11/21/2030,2030,42,10,4
11/22/2030,2030,43,10,4
11/23/2030,2030,43,10,4
11/24/2030,2030,43,10,4
11/25/2030,2030,43,10,4
11/26/2030,2030,43,10,4
11/27/2030,2030,43,10,4
11/28/2030,2030,43,10,4
11/29/2030,2030,44,11,4
11/30/2030,2030,44,11,4
12/1/2030,2030,44,11,4
12/2/2030,2030,44,11,4
12/3/2030,2030,44,11,4
12/4/2030,2030,44,11,4
12/5/2030,2030,44,11,4
12/6/2030,2030,45,11,4
12/7/2030,2030,45,11,4
12/8/2030,2030,45,11,4
12/9/2030,2030,45,11,4
12/10/2030,2030,45,11,4
12/11/2030,2030,45,11,4
12/12/2030,2030,45,11,4
12/13/2030,2030,46,11,4
12/14/2030,2030,46,11,4
12/15/2030,2030,46,11,4
12/16/2030,2030,46,11,4
12/17/2030,2030,46,11,4
12/18/2030,2030,46,11,4
12/19/2030,2030,46,11,4
12/20/2030,2030,47,11,4
12/21/2030,2030,47,11,4
12/22/2030,2030,47,11,4
12/23/2030,2030,47,11,4
12/24/2030,2030,47,11,4
12/25/2030,2030,47,11,4
12/26/2030,2030,47,11,4
12/27/2030,2030,48,11,4
12/28/2030,2030,48,11,4
12/29/2030,2030,48,11,4
12/30/2030,2030,48,11,4
12/31/2030,2030,48,11,4
1/1/2031,2030,48,11,4
1/2/2031,2030,48,11,4
1/3/2031,2030,49,12,4
1/4/2031,2030,49,12,4
1/5/2031,2030,49,12,4
1/6/2031,2030,49,12,4
1/7/2031,2030,49,12,4
1/8/2031,2030,49,12,4
1/9/2031,2030,49,12,4
1/10/2031,2030,50,12,4
1/11/2031,2030,50,12,4
1/12/2031,2030,50,12,4
1/13/2031,2030,50,12,4
1/14/2031,2030,50,12,4
1/15/2031,2030,50,12,4
1/16/2031,2030,50,12,4
1/17/2031,2030,51,12,4
1/18/2031,2030,51,12,4
1/19/2031,2030,51,12,4
1/20/2031,2030,51,12,4
1/21/2031,2030,51,12,4
1/22/2031,2030,51,12,4
1/23/2031,2030,51,12,4
1/24/2031,2030,52,12,4
1/25/2031,2030,52,12,4
1/26/2031,2030,52,12,4
1/27/2031,2030,52,12,4
1/28/2031,2030,52,12,4
1/29/2031,2030,52,12,4
1/30/2031,2030,52,12,4
1/31/2031,2030,53,12,4
2/1/2031,2031,1,1,1
2/2/2031,2031,1,1,1
2/3/2031,2031,1,1,1
2/4/2031,2031,1,1,1
2/5/2031,2031,1,1,1
2/6/2031,2031,1,1,1
2/7/2031,2031,1,1,1
2/8/2031,2031,2,1,1
2/9/2031,2031,2,1,1
2/10/2031,2031,2,1,1
2/11/2031,2031,2,1,1
2/12/2031,2031,2,1,1
2/13/2031,2031,2,1,1
2/14/2031,2031,2,1,1
2/15/2031,2031,3,1,1
2/16/2031,2031,3,1,1
2/17/2031,2031,3,1,1
2/18/2031,2031,3,1,1
2/19/2031,2031,3,1,1
2/20/2031,2031,3,1,1
2/21/2031,2031,3,1,1
2/22/2031,2031,4,1,1
2/23/2031,2031,4,1,1
2/24/2031,2031,4,1,1
2/25/2031,2031,4,1,1
2/26/2031,2031,4,1,1
2/27/2031,2031,4,1,1
2/28/2031,2031,4,1,1
3/1/2031,2031,5,2,1
3/2/2031,2031,5,2,1
3/3/2031,2031,5,2,1
3/4/2031,2031,5,2,1
3/5/2031,2031,5,2,1
3/6/2031,2031,5,2,1
3/7/2031,2031,5,2,1
3/8/2031,2031,6,2,1
3/9/2031,2031,6,2,1
3/10/2031,2031,6,2,1
3/11/2031,2031,6,2,1
3/12/2031,2031,6,2,1
3/13/2031,2031,6,2,1
3/14/2031,2031,6,2,1
3/15/2031,2031,7,2,1
3/16/2031,2031,7,2,1
3/17/2031,2031,7,2,1
3/18/2031,2031,7,2,1
3/19/2031,2031,7,2,1
3/20/2031,2031,7,2,1
3/21/2031,2031,7,2,1
3/22/2031,2031,8,2,1
3/23/2031,2031,8,2,1
3/24/2031,2031,8,2,1
3/25/2031,2031,8,2,1
3/26/2031,2031,8,2,1
3/27/2031,2031,8,2,1
3/28/2031,2031,8,2,1
3/29/2031,2031,9,2,1
3/30/2031,2031,9,2,1
3/31/2031,2031,9,2,1
4/1/2031,2031,9,2,1
4/2/2031,2031,9,2,1
4/3/2031,2031,9,2,1
4/4/2031,2031,9,2,1
4/5/2031,2031,10,3,1
4/6/2031,2031,10,3,1
4/7/2031,2031,10,3,1
4/8/2031,2031,10,3,1
4/9/2031,2031,10,3,1
4/10/2031,2031,10,3,1
4/11/2031,2031,10,3,1
4/12/2031,2031,11,3,1
4/13/2031,2031,11,3,1
4/14/2031,2031,11,3,1
4/15/2031,2031,11,3,1
4/16/2031,2031,11,3,1
4/17/2031,2031,11,3,1
4/18/2031,2031,11,3,1
4/19/2031,2031,12,3,1
4/20/2031,2031,12,3,1
4/21/2031,2031,12,3,1
4/22/2031,2031,12,3,1
4/23/2031,2031,12,3,1
4/24/2031,2031,12,3,1
4/25/2031,2031,12,3,1
4/26/2031,2031,13,3,1
4/27/2031,2031,13,3,1
4/28/2031,2031,13,3,1
4/29/2031,2031,13,3,1
4/30/2031,2031,13,3,1
5/1/2031,2031,13,3,1
5/2/2031,2031,13,3,1
5/3/2031,2031,14,4,2
5/4/2031,2031,14,4,2
5/5/2031,2031,14,4,2
5/6/2031,2031,14,4,2
5/7/2031,2031,14,4,2
5/8/2031,2031,14,4,2
5/9/2031,2031,14,4,2
5/10/2031,2031,15,4,2
5/11/2031,2031,15,4,2
5/12/2031,2031,15,4,2
5/13/2031,2031,15,4,2
5/14/2031,2031,15,4,2
5/15/2031,2031,15,4,2
5/16/2031,2031,15,4,2
5/17/2031,2031,16,4,2
5/18/2031,2031,16,4,2
5/19/2031,2031,16,4,2
5/20/2031,2031,16,4,2
5/21/2031,2031,16,4,2
5/22/2031,2031,16,4,2
5/23/2031,2031,16,4,2
5/24/2031,2031,17,4,2
5/25/2031,2031,17,4,2
5/26/2031,2031,17,4,2
5/27/2031,2031,17,4,2
5/28/2031,2031,17,4,2
5/29/2031,2031,17,4,2
5/30/2031,2031,17,4,2
5/31/2031,2031,18,5,2
6/1/2031,2031,18,5,2
6/2/2031,2031,18,5,2
6/3/2031,2031,18,5,2
6/4/2031,2031,18,5,2
6/5/2031,2031,18,5,2
6/6/2031,2031,18,5,2
6/7/2031,2031,19,5,2
6/8/2031,2031,19,5,2
6/9/2031,2031,19,5,2
6/10/2031,2031,19,5,2
6/11/2031,2031,19,5,2
6/12/2031,2031,19,5,2
6/13/2031,2031,19,5,2
6/14/2031,2031,20,5,2
6/15/2031,2031,20,5,2
6/16/2031,2031,20,5,2
6/17/2031,2031,20,5,2
6/18/2031,2031,20,5,2
6/19/2031,2031,20,5,2
6/20/2031,2031,20,5,2
6/21/2031,2031,21,5,2
6/22/2031,2031,21,5,2
6/23/2031,2031,21,5,2
6/24/2031,2031,21,5,2
6/25/2031,2031,21,5,2
6/26/2031,2031,21,5,2
6/27/2031,2031,21,5,2
6/28/2031,2031,22,5,2
6/29/2031,2031,22,5,2
6/30/2031,2031,22,5,2
7/1/2031,2031,22,5,2
7/2/2031,2031,22,5,2
7/3/2031,2031,22,5,2
7/4/2031,2031,22,5,2
7/5/2031,2031,23,6,2
7/6/2031,2031,23,6,2
7/7/2031,2031,23,6,2
7/8/2031,2031,23,6,2
7/9/2031,2031,23,6,2
7/10/2031,2031,23,6,2
7/11/2031,2031,23,6,2
7/12/2031,2031,24,6,2
7/13/2031,2031,24,6,2
7/14/2031,2031,24,6,2
7/15/2031,2031,24,6,2
7/16/2031,2031,24,6,2
7/17/2031,2031,24,6,2
7/18/2031,2031,24,6,2
7/19/2031,2031,25,6,2
7/20/2031,2031,25,6,2
7/21/2031,2031,25,6,2
7/22/2031,2031,25,6,2
7/23/2031,2031,25,6,2
7/24/2031,2031,25,6,2
7/25/2031,2031,25,6,2
7/26/2031,2031,26,6,2
7/27/2031,2031,26,6,2
7/28/2031,2031,26,6,2
7/29/2031,2031,26,6,2
7/30/2031,2031,26,6,2
7/31/2031,2031,26,6,2
8/1/2031,2031,26,6,2
8/2/2031,2031,27,7,3
8/3/2031,2031,27,7,3
8/4/2031,2031,27,7,3
8/5/2031,2031,27,7,3
8/6/2031,2031,27,7,3
8/7/2031,2031,27,7,3
8/8/2031,2031,27,7,3
8/9/2031,2031,28,7,3
8/10/2031,2031,28,7,3
8/11/2031,2031,28,7,3
8/12/2031,2031,28,7,3
8/13/2031,2031,28,7,3
8/14/2031,2031,28,7,3
8/15/2031,2031,28,7,3
8/16/2031,2031,29,7,3
8/17/2031,2031,29,7,3
8/18/2031,2031,29,7,3
8/19/2031,2031,29,7,3
8/20/2031,2031,29,7,3
8/21/2031,2031,29,7,3
8/22/2031,2031,29,7,3
8/23/2031,2031,30,7,3
8/24/2031,2031,30,7,3
8/25/2031,2031,30,7,3
8/26/2031,2031,30,7,3
8/27/2031,2031,30,7,3
8/28/2031,2031,30,7,3
8/29/2031,2031,30,7,3
8/30/2031,2031,31,8,3
8/31/2031,2031,31,8,3
9/1/2031,2031,31,8,3
9/2/2031,2031,31,8,3
9/3/2031,2031,31,8,3
9/4/2031,2031,31,8,3
9/5/2031,2031,31,8,3
9/6/2031,2031,32,8,3
9/7/2031,2031,32,8,3
9/8/2031,2031,32,8,3
9/9/2031,2031,32,8,3
9/10/2031,2031,32,8,3
9/11/2031,2031,32,8,3
9/12/2031,2031,32,8,3
9/13/2031,2031,33,8,3
9/14/2031,2031,33,8,3
9/15/2031,2031,33,8,3
9/16/2031,2031,33,8,3
9/17/2031,2031,33,8,3
9/18/2031,2031,33,8,3
9/19/2031,2031,33,8,3
9/20/2031,2031,34,8,3
9/21/2031,2031,34,8,3
9/22/2031,2031,34,8,3
9/23/2031,2031,34,8,3
9/24/2031,2031,34,8,3
9/25/2031,2031,34,8,3
9/26/2031,2031,34,8,3
9/27/2031,2031,35,8,3
9/28/2031,2031,35,8,3
9/29/2031,2031,35,8,3
9/30/2031,2031,35,8,3
10/1/2031,2031,35,8,3
10/2/2031,2031,35,8,3
10/3/2031,2031,35,8,3
10/4/2031,2031,36,9,3
10/5/2031,2031,36,9,3
10/6/2031,2031,36,9,3
10/7/2031,2031,36,9,3
10/8/2031,2031,36,9,3
10/9/2031,2031,36,9,3
10/10/2031,2031,36,9,3
10/11/2031,2031,37,9,3
10/12/2031,2031,37,9,3
10/13/2031,2031,37,9,3
10/14/2031,2031,37,9,3
10/15/2031,2031,37,9,3
10/16/2031,2031,37,9,3
10/17/2031,2031,37,9,3
10/18/2031,2031,38,9,3
10/19/2031,2031,38,9,3
10/20/2031,2031,38,9,3
10/21/2031,2031,38,9,3
10/22/2031,2031,38,9,3
10/23/2031,2031,38,9,3
10/24/2031,2031,38,9,3
10/25/2031,2031,39,9,3
10/26/2031,2031,39,9,3
10/27/2031,2031,39,9,3
10/28/2031,2031,39,9,3
10/29/2031,2031,39,9,3
10/30/2031,2031,39,9,3
10/31/2031,2031,39,9,3
11/1/2031,2031,40,10,4
11/2/2031,2031,40,10,4
11/3/2031,2031,40,10,4
11/4/2031,2031,40,10,4
11/5/2031,2031,40,10,4
11/6/2031,2031,40,10,4
11/7/2031,2031,40,10,4
11/8/2031,2031,41,10,4
11/9/2031,2031,41,10,4
11/10/2031,2031,41,10,4
11/11/2031,2031,41,10,4
11/12/2031,2031,41,10,4
11/13/2031,2031,41,10,4
11/14/2031,2031,41,10,4
11/15/2031,2031,42,10,4
11/16/2031,2031,42,10,4
11/17/2031,2031,42,10,4
11/18/2031,2031,42,10,4
11/19/2031,2031,42,10,4
11/20/2031,2031,42,10,4
11/21/2031,2031,42,10,4
11/22/2031,2031,43,10,4
11/23/2031,2031,43,10,4
11/24/2031,2031,43,10,4
11/25/2031,2031,43,10,4
11/26/2031,2031,43,10,4
11/27/2031,2031,43,10,4
11/28/2031,2031,43,10,4
11/29/2031,2031,44,11,4
11/30/2031,2031,44,11,4
12/1/2031,2031,44,11,4
12/2/2031,2031,44,11,4
12/3/2031,2031,44,11,4
12/4/2031,2031,44,11,4
12/5/2031,2031,44,11,4
12/6/2031,2031,45,11,4
12/7/2031,2031,45,11,4
12/8/2031,2031,45,11,4
12/9/2031,2031,45,11,4
12/10/2031,2031,45,11,4
12/11/2031,2031,45,11,4
12/12/2031,2031,45,11,4
12/13/2031,2031,46,11,4
12/14/2031,2031,46,11,4
12/15/2031,2031,46,11,4
12/16/2031,2031,46,11,4
12/17/2031,2031,46,11,4
12/18/2031,2031,46,11,4
12/19/2031,2031,46,11,4
12/20/2031,2031,47,11,4
12/21/2031,2031,47,11,4
12/22/2031,2031,47,11,4
12/23/2031,2031,47,11,4
12/24/2031,2031,47,11,4
12/25/2031,2031,47,11,4
12/26/2031,2031,47,11,4
12/27/2031,2031,48,11,4
12/28/2031,2031,48,11,4
12/29/2031,2031,48,11,4
12/30/2031,2031,48,11,4
12/31/2031,2031,48,11,4
