ASIN,Brand Name,List Price($)(T12M ),Product GMS($)(T12M ),Deal GMS($)(T12M ),Net PPM(T12M )(%),GV(T12M ),Amzn GV(T12M ),SoROOS(%)(T12M )(%),Daily SoRoos%(T12M )(%),Fill Rate - Sourceable(T12M )(%),Vendor Confirmation Rate - Sourceable(T12M )(%),ASP(T12M ),CM(T12M )(%),CP($)(T12M ),Net Receipts($)(T12M ),Net Receipts (Units)(T12M ),CCOGS As A % Of PCOGS(T12M )(%),PPM(T12M )(%),External Box Price Competitiveness (% Of GV)(T12M )(%),Net Ordered Units(T12M ),Customer Returns($)(T12M ),IDQ Score(T12M )
B015Y1GLK2,TILDA,21.28,253629.60,144109.02,13.36%,71195,60528,12.64%,12.64%,92.75%,65.75%,9.48,(14.26)%,-35963.39,701170.09,39543.00,54.75%,(87.04)%,77.17%,26756,2145.55,91.20
B07MV32JLH,Afia,46.35,21779.38,2831.91,15.39%,3821,3479,6.19%,6.19%,94.42%,96.94%,35.41,(0.65)%,-139.48,21579.22,663.00,9.42%,7.81%,98.26%,618,131.36,82.50
B07P6YJPPG,Afia,45.26,21352.50,151.88,7.40%,2496,2281,15.06%,15.06%,86.97%,97.40%,29.99,(9.81)%,-2062.04,30551.42,1025.00,9.07%,0.60%,98.07%,703,59.61,92.50
B07B3X1HZZ,TILDA,24.11,13154.30,2952.10,(16.25)%,6446,4701,30.69%,30.69%,88.52%,42.76%,11.34,(44.10)%,-5671.47,43641.17,2177.00,35.50%,(76.83)%,82.06%,1138,160.40,91.90
B015J4YNNG,TETLEY,0.00,11922.68,0,25.23%,2894,2787,7.38%,7.38%,95.40%,98.80%,6.92,(4.01)%,-478.53,11663.70,1988.00,13.64%,15.16%,98.87%,1730,41.07,98.50
B0C62GCJ68,TATA,3.68,11398.56,1114.98,17.89%,6675,6194,8.82%,8.82%,74.88%,99.57%,5.41,(18.47)%,-2128.42,24749.68,4373.00,23.22%,(4.61)%,67.23%,2105,50.94,100.00
B07P75SDV2,UNKNOWN,8.71,9253.10,0,(36.67)%,5188,4234,23.76%,23.76%,95.92%,96.33%,3.89,(115.21)%,-10259.29,27168.47,4485.00,13.70%,(55.68)%,58.94%,2386,54.52,82.90
B00L2ZKHOG,American Garden,6.10,9152.72,263.16,24.66%,7273,6686,4.27%,4.27%,74.89%,78.29%,5.74,(8.15)%,-749.68,8908.69,1735.00,18.45%,10.58%,43.42%,1595,35.94,83.00
B07G9L7NL2,TILDA,4.85,7573.82,16.75,15.15%,5193,5023,1.17%,1.17%,88.56%,98.21%,4.22,(17.84)%,-1344.85,9777.56,2317.00,18.74%,(0.07)%,39.21%,1799,12.66,93.20
B07G9KXXSN,TILDA,42.63,7379.07,5087.01,17.19%,2860,2765,3.85%,3.85%,75.40%,100.00%,25.98,1.85%,136.67,6751.74,198.00,37.45%,(31.24)%,100.00%,292,34.10,78.70
B01L1DRDKO,UNKNOWN,3.59,7213.14,206.94,16.68%,3341,3091,14.91%,14.91%,79.53%,91.82%,3.11,(26.06)%,-1842.30,13644.04,4659.00,18.42%,3.17%,54.42%,2313,18.13,97.00
B0014CYR98,UNKNOWN,5.04,7185.89,0,37.74%,3321,3190,20.33%,20.33%,37.54%,98.05%,5.11,1.10%,78.94,4240.32,1284.00,8.25%,35.43%,61.77%,1406,36.33,84.50
B01285C2BY,TILDA,4.85,7106.18,3184.59,17.10%,7998,7531,1.17%,1.17%,78.34%,74.96%,3.60,(29.51)%,-2104.27,61492.70,14572.00,31.53%,(17.22)%,38.23%,1980,54.86,91.20
B07NF847QH,TILDA,11.00,6925.15,2446.44,23.10%,10375,9946,0.18%,0.18%,91.10%,100.00%,6.68,(7.62)%,-524.93,35905.27,4324.00,39.72%,(24.34)%,35.48%,1037,33.21,91.20
B07NF7MR14,Tetley,6.81,6549.99,0,22.16%,2098,2037,10.39%,10.39%,72.39%,100.00%,5.56,(12.77)%,-842.66,5242.40,1058.00,13.92%,10.95%,66.95%,1188,4.96,98.50
B00L28D0QU,American Garden,3.33,6353.27,325.55,25.24%,7129,6912,2.97%,2.97%,83.41%,92.46%,3.16,(13.23)%,-833.23,12180.31,4448.00,18.37%,13.34%,74.38%,2001,2.74,91.50
B07NF7MFKX,Tetley,10.54,5775.77,48.27,2.54%,1074,927,25.81%,25.81%,78.50%,95.94%,9.02,(32.69)%,-1775.21,8470.68,881.00,9.61%,(6.54)%,79.97%,639,19.23,98.50
B005LLZ3QY,Tetley,7.00,5770.48,10.22,10.94%,1947,1697,19.74%,19.74%,67.47%,97.21%,5.99,(24.44)%,-1428.64,9463.56,1613.00,9.54%,2.09%,99.93%,965,17.60,100.00
B00NRML2XM,Dilmah,9.39,5157.14,154.66,30.62%,1663,1555,8.06%,8.06%,85.80%,63.04%,8.80,2.72%,142.00,4722.17,594.00,23.75%,9.67%,63.09%,586,15.90,0
B08GD1Z9PS,Tata,8.31,5067.57,412.70,26.51%,954,925,35.47%,35.47%,65.95%,98.33%,9.69,0.83%,41.59,4035.69,491.00,14.57%,15.17%,78.26%,524,65.75,87.50
B00NRML2UK,Dilmah,8.64,4972.42,1510.34,29.99%,1338,1300,3.80%,3.80%,89.27%,104.06%,9.53,5.27%,264.08,5146.08,548.00,29.00%,2.61%,62.80%,526,10.19,100.00
B091VPBF8Q,American Garden,5.47,4810.14,228.78,16.65%,10388,9373,4.35%,4.35%,78.58%,83.52%,4.96,(19.11)%,-888.75,8125.71,1706.00,19.53%,1.85%,27.82%,969,63.71,96.70
B00L2ZL4V6,American Garden,4.06,4513.66,4.00,22.90%,2618,2181,10.39%,10.39%,80.87%,55.52%,4.14,(17.14)%,-778.47,4854.15,1264.00,18.35%,8.74%,45.06%,1096,15.12,0
B000LRO5O4,Splenda,12.56,4062.76,211.45,19.92%,1568,1208,81.24%,81.24%,14.09%,93.79%,25.39,0.12%,4.65,3680.86,169.00,7.95%,14.22%,0.00%,165,43.56,0
B07P76G5DQ,American Classic,2.88,3834.41,43.46,21.00%,6787,6677,0.34%,0.34%,101.85%,93.05%,2.64,(32.09)%,-1234.23,3619.26,1487.00,18.45%,7.35%,23.55%,1450,19.60,90.00
B0D2P6KRB1,Tata Soulfull,0.00,3810.44,362.65,11.85%,6788,6274,12.26%,12.26%,92.26%,99.53%,3.63,(38.53)%,-1469.94,12157.39,2911.00,25.77%,(15.08)%,56.70%,1052,41.76,67.50
B083VKDQ3P,TATA,8.13,3663.43,9.71,13.08%,4462,4071,13.27%,13.27%,84.22%,97.17%,2.99,(42.17)%,-1513.86,9137.25,3040.00,14.74%,(0.51)%,48.12%,1225,63.12,100.00
B005FBKVZ8,Dilmah,4.98,3607.55,567.48,32.54%,2184,2110,17.92%,17.92%,94.11%,100.00%,5.21,(6.69)%,-243.63,3776.10,797.00,26.84%,10.51%,58.93%,700,0.00,82.50
B07FD6XPLF,Wella Koleston,5.64,3457.60,740.98,23.19%,5575,4496,3.34%,3.34%,98.41%,91.55%,2.89,(24.12)%,-827.56,7237.04,1359.00,59.48%,(84.11)%,59.67%,1206,117.16,100.00
B0DT61H872,TATA GLOBAL BEVeRAGES,5.63,3454.12,77.95,30.06%,5643,5333,6.40%,6.40%,87.29%,98.98%,4.69,(10.06)%,-351.71,7443.93,1693.00,26.72%,6.31%,0.00%,736,21.98,63.50
B00FHD9Y5W,Chings Secret,0.37,3028.03,0,10.75%,5245,3592,10.08%,10.08%,96.48%,88.08%,2.79,(47.18)%,-1399.68,10404.38,3760.00,13.57%,3.00%,56.14%,1087,27.14,91.00
B00MWVY52O,TILDA,9.15,3011.54,264.22,31.49%,1303,1173,6.45%,6.45%,91.67%,80.66%,9.68,12.67%,381.89,3262.76,410.00,19.12%,17.82%,51.08%,311,0.00,85.70
B091VQBBGW,American Garden,5.51,2925.60,289.78,16.91%,6009,5256,8.56%,8.56%,83.07%,88.07%,4.83,(22.09)%,-642.18,6916.45,1460.00,20.49%,(0.57)%,45.55%,606,24.50,96.70
B00R2UOFWU,Dilmah,9.25,2912.54,8.87,34.80%,1378,1319,11.97%,11.97%,68.22%,88.34%,9.71,15.81%,449.45,2199.46,281.00,22.55%,19.38%,64.71%,300,23.48,0
B08C1BXXXV,O'lite,7.34,2544.74,41.22,8.98%,1188,1008,18.60%,18.60%,47.75%,93.90%,5.16,(32.21)%,-814.97,3725.81,754.00,8.31%,4.27%,86.63%,510,9.88,91.70
B000Z4MHNE,French's,2.85,2529.79,32.13,15.02%,1389,1343,6.54%,6.54%,97.16%,84.09%,3.07,(40.88)%,-1052.31,2005.18,759.00,5.26%,14.17%,100.00%,824,8.34,98.50
B00Q6I22DI,American Garden,3.54,2524.46,255.24,20.06%,5147,4910,2.96%,2.96%,92.83%,100.00%,3.11,(40.11)%,-997.52,3908.75,1304.00,21.47%,3.47%,26.35%,814,23.98,93.70
B07HNSPY84,Dilmah,5.53,2467.74,787.79,29.49%,1052,1012,10.51%,10.51%,55.85%,97.93%,6.11,(0.64)%,-16.01,2933.83,455.00,33.26%,(4.68)%,0.00%,410,5.85,81.00
B00Y09JC24,Ching's,2.22,2431.37,0,18.48%,4894,4077,12.01%,12.01%,82.26%,91.79%,1.96,(75.22)%,-1883.43,7092.49,4040.00,14.45%,10.48%,35.87%,1242,33.21,86.70
B07J3Y1ZTZ,Dilmah,2.57,2403.89,0,39.60%,1753,1681,33.30%,33.30%,54.17%,72.62%,2.85,(17.04)%,-414.10,1818.65,835.00,23.60%,23.62%,79.73%,872,8.71,76.00
B091VQS1Q5,American Garden,10.11,2295.16,325.29,18.70%,2678,2603,13.32%,13.32%,78.79%,89.19%,8.03,(8.98)%,-199.21,2282.51,300.00,18.48%,4.15%,28.76%,286,23.11,100.00
B07MTXFYB3,Crunchos,7.43,2267.80,608.81,14.17%,535,496,14.39%,14.39%,93.42%,93.83%,5.71,(8.53)%,-189.24,2641.40,420.00,25.84%,(10.10)%,64.09%,397,0.00,73.40
B088FH4VG8,UNKNOWN,4.86,2266.49,54.26,23.89%,1107,1001,21.23%,21.23%,77.78%,98.18%,4.83,(21.71)%,-488.51,2126.91,516.00,14.15%,14.71%,55.42%,470,16.49,59.90
B01L1DQPMG,American Garden,4.41,2251.17,20.95,22.28%,7419,6852,14.16%,14.16%,84.18%,47.78%,4.03,(27.37)%,-639.09,2768.94,744.00,17.80%,7.75%,48.10%,556,3.72,92.50
B01L1DRF70,UNKNOWN,3.59,2134.05,55.48,19.30%,889,818,12.71%,12.71%,87.76%,100.00%,3.20,(24.65)%,-510.93,3124.92,1048.00,18.22%,5.93%,67.49%,667,12.09,97.00
B08C1BXHZT,Sun Vita,5.71,2085.27,33.61,22.37%,1918,1630,8.70%,8.70%,95.50%,92.70%,3.84,(62.64)%,-992.83,6294.09,2066.00,8.34%,18.52%,57.50%,539,114.22,83.40
B00L28D96Q,American Garden,3.70,1989.43,72.70,22.28%,2339,2029,7.91%,7.91%,57.64%,97.67%,3.42,(22.75)%,-440.36,3679.55,1226.00,18.40%,9.68%,55.05%,610,21.65,94.50
B01C4L6IIK,Lotte,7.52,1864.02,200.69,24.49%,2025,1915,18.61%,18.61%,66.70%,99.13%,3.71,(13.41)%,-246.40,2088.96,682.00,13.06%,17.64%,0.00%,484,14.73,81.70
B083VKXLY4,American Garden,6.65,1850.51,180.69,14.03%,10567,10390,1.26%,1.26%,97.30%,91.36%,5.33,(13.56)%,-250.72,2419.31,432.00,20.36%,(4.63)%,17.65%,347,5.60,94.50
B07P68FH59,American Garden,2.82,1835.33,121.48,18.24%,2164,1954,6.86%,6.86%,88.74%,95.14%,2.42,(47.52)%,-899.75,1749.36,731.00,20.14%,1.03%,35.81%,759,9.57,93.70
B01CEHAE20,American Garden,3.90,1790.79,31.10,18.60%,4047,3834,7.11%,7.11%,80.17%,100.00%,3.10,(34.96)%,-627.91,4029.13,1354.00,18.37%,3.95%,35.80%,576,17.85,90.00
B083VK2HQH,Tetley,3.89,1768.05,112.83,25.33%,1267,1145,14.47%,14.47%,85.99%,99.47%,3.89,(15.62)%,-282.52,1299.90,453.00,0.00%,26.15%,100.00%,457,0.00,87.50
B07PKCQ275,Afia,4.33,1741.45,407.61,14.19%,4946,4362,10.39%,10.39%,87.79%,94.82%,3.89,(40.19)%,-680.19,8114.81,2163.00,15.12%,3.49%,63.56%,449,22.51,75.00
B0058MKHIU,TILDA,3.44,1681.13,0,26.01%,665,658,0.00%,0.00%,97.86%,67.91%,3.44,(11.35)%,-189.17,2027.47,677.00,18.99%,13.07%,47.74%,488,5.99,83.70
B001QBX8BU,Tetley,31.66,1665.91,0,27.44%,694,662,25.87%,25.87%,50.97%,91.58%,3.14,(23.17)%,-396.83,1474.58,590.00,9.29%,20.34%,84.54%,530,29.99,97.00
B072RK9TG9,Lotte,2.69,1651.23,0,10.29%,4632,4099,9.93%,9.93%,83.16%,98.75%,1.00,(59.83)%,-992.30,2217.84,2375.00,8.81%,6.91%,32.46%,1642,3.74,89.50
B00LQO3FUQ,Tata,0.88,1626.35,0,16.87%,3920,3577,22.55%,22.55%,82.68%,87.96%,0.74,(207.51)%,-4124.17,12920.62,19772.00,13.58%,7.77%,60.62%,2225,6.12,96.70
B0792L8SY6,Lotte,3.84,1570.76,0,15.02%,1898,1624,40.94%,40.94%,42.69%,79.69%,3.39,(25.30)%,-400.83,2694.98,876.00,9.91%,9.12%,28.57%,464,0.00,75.00
B07P68FGXQ,American Garden,1.30,1566.43,0,20.99%,1351,1192,13.63%,13.63%,94.18%,79.07%,1.22,(43.21)%,-672.40,1378.44,1244.00,18.25%,9.24%,49.88%,1283,9.97,96.20
B084CLC4YB,TATA,14.55,1549.32,0,26.93%,1675,1607,40.35%,40.35%,26.20%,95.77%,7.75,(5.91)%,-91.78,1204.26,198.00,8.00%,21.49%,0.00%,204,6.08,95.00
B083VKRTPS,TATA,10.09,1533.69,0,(5.33)%,3122,2577,14.06%,14.06%,63.65%,99.59%,3.56,(55.85)%,-880.40,5244.08,1230.00,13.85%,(19.81)%,70.20%,435,0.00,100.00
B0B8GMD5W2,Kannan Devan,7.94,1510.35,0,(47.90)%,2384,2078,8.00%,8.00%,96.71%,96.95%,2.69,(118.53)%,-1801.25,6300.85,1385.00,13.67%,(69.28)%,93.51%,562,18.20,82.50
B00L2ZLGQE,American Garden,3.98,1443.61,6.98,23.10%,4256,4033,1.03%,1.03%,95.77%,82.28%,3.74,(30.27)%,-410.98,2764.81,817.00,18.41%,9.51%,21.28%,386,20.30,90.50
B0847NQFB6,Al Osra,1.62,1423.79,34.59,25.87%,1636,1575,13.03%,13.03%,71.68%,99.43%,1.59,(60.33)%,-886.98,1388.90,1074.00,13.20%,18.44%,0.00%,901,10.35,92.90
B07P8QBGF6,Eminence,1.55,1422.07,0,(1.27)%,12003,11396,2.80%,2.80%,96.89%,90.11%,1.04,(116.82)%,-1712.11,4807.53,3831.00,18.27%,(20.12)%,18.75%,1362,11.27,93.00
B07PHYKW9T,American Garden,6.63,1403.65,129.98,11.94%,2602,2418,3.24%,3.24%,97.01%,100.00%,5.18,(22.62)%,-317.30,3001.73,536.00,20.52%,(8.12)%,32.12%,271,11.20,94.50
B00L2ZKJ3A,American Garden,3.67,1380.61,114.01,15.93%,2251,1723,6.20%,6.20%,92.58%,82.04%,2.86,(45.26)%,-615.92,4697.10,1681.00,18.76%,1.61%,54.99%,483,11.20,98.30
B0749NNYF5,Ching's Secret,2.44,1376.95,0,24.26%,1553,1391,19.21%,19.21%,85.17%,84.26%,2.31,(48.19)%,-658.04,1480.35,779.00,14.26%,17.61%,39.23%,600,5.70,84.20
B00L2ZKGHE,American Garden,5.51,1359.34,117.43,23.99%,3742,3357,3.19%,3.19%,80.03%,79.46%,5.15,(20.77)%,-280.06,2459.20,527.00,18.48%,9.37%,31.58%,267,14.00,98.50
B07G9D3B8F,TILDA,4.70,1324.64,726.30,21.52%,1297,1240,2.88%,2.88%,97.89%,99.02%,4.14,(21.27)%,-271.67,4283.35,898.00,34.27%,(15.23)%,56.55%,320,23.85,83.70
B07NF6MPF7,American Garden,2.06,1309.15,12.27,23.23%,668,629,4.04%,4.04%,93.33%,100.00%,1.96,(38.31)%,-515.28,1090.62,623.00,18.50%,10.54%,52.07%,669,1.75,96.70
B084PTX8XP,American Garden,6.65,1291.22,16.25,19.33%,3083,2845,8.96%,8.96%,97.01%,100.00%,5.82,(16.33)%,-210.05,2906.53,519.00,18.53%,3.71%,89.57%,222,16.80,94.50
B083VK1XBB,American Garden,10.41,1265.60,0,14.46%,585,529,19.52%,19.52%,66.67%,100.00%,8.85,(8.92)%,-111.02,1115.91,126.00,18.50%,(0.07)%,69.18%,144,0.00,97.00
B00A3KSCXY,Al Rifai,6.88,1237.93,199.49,20.96%,397,378,28.14%,28.14%,88.07%,98.79%,6.07,(4.16)%,-50.67,1561.37,302.00,12.71%,14.80%,65.23%,211,0.00,79.20
B00L2ZKM0K,American Garden,4.00,1235.08,207.09,17.70%,1994,1551,5.78%,5.78%,94.29%,80.52%,3.27,(39.35)%,-474.47,5002.15,1588.00,20.36%,2.83%,51.46%,378,9.45,0
B091VRT6S1,American Garden,9.74,1231.29,56.84,22.38%,694,651,27.25%,27.25%,76.19%,95.45%,8.32,(2.14)%,-26.51,1369.51,180.00,18.53%,7.61%,55.21%,148,0.00,100.00
B00L2ZKSWM,American Garden,4.18,1202.93,5.59,7.42%,2035,1850,1.78%,1.78%,96.20%,93.59%,3.25,(38.48)%,-465.58,1604.81,451.00,18.30%,(9.45)%,35.93%,370,0.00,98.30
B072BZJJN7,Splenda,3.38,1174.37,21.53,26.32%,1048,1010,25.00%,25.00%,67.44%,97.73%,5.00,(13.86)%,-162.19,920.73,236.00,8.36%,21.93%,0.00%,232,0.00,80.50
B0D2P5HXT1,Tata Soulfull,0.00,1162.33,0,24.14%,2898,2743,10.14%,10.14%,85.17%,99.10%,4.95,(19.40)%,-221.01,2376.35,569.00,13.69%,15.56%,50.29%,236,20.88,70.00
B00L2ZL0YW,American Garden,3.98,1142.56,157.26,18.10%,2097,2000,2.19%,2.19%,92.96%,100.00%,3.39,(30.97)%,-346.54,1851.11,547.00,21.57%,0.18%,48.11%,339,27.07,97.00
B07NF942SP,American Garden,3.16,1141.15,13.96,18.30%,4208,3321,3.68%,3.68%,91.75%,100.00%,2.98,(51.38)%,-553.71,4332.92,1486.00,19.52%,2.14%,72.90%,383,23.33,89.40
B00L2ZKNL8,American Garden,5.36,1122.44,13.56,13.97%,971,821,2.37%,2.37%,91.64%,51.34%,4.14,(22.29)%,-239.30,2040.97,499.00,18.50%,0.51%,28.97%,271,9.22,98.30
B07PCF1NF9,UNKNOWN,3.75,1104.03,192.92,14.02%,957,892,2.52%,2.52%,95.04%,83.45%,2.88,(51.85)%,-571.32,2240.02,837.00,10.62%,7.16%,38.59%,384,5.35,82.90
B00L2ZKROQ,American Garden,3.22,1087.74,50.30,18.98%,4063,3636,8.32%,8.32%,89.38%,98.39%,3.58,(41.41)%,-458.89,3927.75,1174.00,18.15%,5.42%,29.51%,304,3.38,98.30
B07NF5Y85R,American Garden,3.65,1061.84,23.83,23.45%,2196,2134,4.78%,4.78%,79.31%,67.44%,3.40,(49.27)%,-488.47,909.28,294.00,18.53%,9.12%,38.73%,311,30.93,76.90
B00L2ZL28G,American Garden,5.60,1058.38,52.76,24.26%,1385,1317,14.11%,14.11%,91.70%,82.57%,5.57,(9.16)%,-99.55,1436.17,283.00,18.40%,8.90%,44.15%,190,0.00,94.20
B0C62CMRMF,TATA,1.25,1053.44,153.52,0.77%,3068,2262,7.85%,7.85%,80.34%,100.00%,4.58,(41.88)%,-442.17,3733.03,631.00,24.17%,(29.17)%,61.11%,230,0.00,100.00
B00L28DEWA,American Garden,3.67,955.15,6.29,16.83%,1597,1315,13.90%,13.90%,91.85%,98.84%,3.14,(32.66)%,-313.04,5356.07,1822.00,18.44%,2.65%,51.03%,301,0.00,94.00
B00L2ZK7CS,American Garden,2.65,949.78,10.30,15.40%,5759,5349,9.57%,9.57%,98.44%,95.65%,3.40,(50.05)%,-499.57,2932.29,857.00,17.81%,0.74%,21.84%,279,0.00,97.00
B083VKRS2P,TILDA,8.88,911.18,541.38,27.45%,422,407,1.65%,1.65%,99.02%,100.00%,8.93,4.34%,39.61,1023.21,109.00,33.30%,(5.08)%,100.00%,102,0.00,74.40
B083VKGY29,Tata,8.88,910.58,21.45,20.80%,1179,1052,18.74%,18.74%,84.17%,99.52%,3.29,(28.20)%,-260.06,973.84,324.00,14.96%,8.57%,52.65%,277,9.02,100.00
B00L28C5U2,American Garden,4.90,909.89,67.75,19.59%,4446,4089,7.88%,7.88%,97.15%,88.37%,4.21,(28.68)%,-254.01,1792.15,446.00,21.44%,1.70%,19.21%,216,0.00,0
B07P9G9RTZ,American Garden,6.65,851.84,130.98,19.29%,3047,2817,26.77%,26.77%,97.14%,92.75%,5.68,(19.78)%,-149.63,2186.59,393.00,21.64%,1.39%,53.69%,150,56.00,93.00
B0D2P44PQ9,Tata Soulfull,0.00,842.90,56.99,10.16%,968,846,27.28%,27.28%,78.59%,74.70%,4.53,(39.23)%,-336.82,1167.40,247.00,16.15%,(3.63)%,64.74%,185,0.00,0
B083VKML26,Tetley,6.08,842.38,0,(13.28)%,500,332,19.83%,19.83%,96.93%,100.00%,4.23,(53.43)%,-445.96,1306.00,246.00,10.28%,(25.42)%,74.14%,199,5.31,86.00
B083VKQWPQ,American Garden,6.66,777.40,0,17.91%,1307,1213,11.25%,11.25%,83.08%,100.00%,5.72,(15.40)%,-120.75,1271.26,227.00,17.96%,2.03%,83.16%,138,5.60,93.00
B07P68FLFY,American Garden,7.25,771.40,48.92,11.17%,2837,2274,7.69%,7.69%,96.26%,100.00%,5.63,(22.63)%,-172.70,2131.74,348.00,20.14%,(8.79)%,25.59%,137,18.38,93.00
B00L28CLEW,American Garden,5.84,770.98,24.48,17.96%,1153,1064,12.02%,12.02%,61.11%,100.00%,5.07,(22.58)%,-172.07,713.91,144.00,18.38%,2.26%,50.83%,153,0.00,97.00
B08C192WMP,Al Arabi,12.06,770.47,15.73,22.71%,240,217,27.92%,27.92%,81.74%,96.64%,9.51,(4.86)%,-38.10,595.13,74.00,9.17%,15.45%,44.12%,83,0.00,84.20
B083VKCLGR,Tetley,3.74,752.45,0,17.68%,576,491,23.05%,23.05%,93.54%,97.59%,3.47,(35.27)%,-271.83,2502.55,766.00,13.51%,5.78%,63.82%,220,0.00,100.00
B00GB8Y30S,Ching's Secret,2.24,727.48,0,28.88%,1830,1627,12.85%,12.85%,88.53%,83.43%,2.52,(34.26)%,-250.92,1564.34,777.00,15.22%,20.82%,65.04%,290,1.90,74.20
B01DA5BU6Y,American Garden,5.83,714.05,0,24.47%,2251,1868,27.07%,27.07%,87.03%,100.00%,5.41,(27.47)%,-196.91,1570.09,322.00,18.50%,9.86%,94.55%,132,0.00,100.00
B083VKPXV2,Sultan,11.69,710.49,232.93,31.73%,321,262,34.89%,34.89%,65.04%,96.85%,10.93,9.41%,66.52,634.92,79.00,9.84%,26.47%,0.00%,66,0.00,70.00
B0C8BBWN4X,Ching's,0.53,704.80,0,33.14%,620,588,15.86%,15.86%,75.93%,89.63%,5.03,(17.74)%,-122.40,577.71,155.00,13.90%,25.96%,43.83%,138,3.73,66.60
B07PH3ZW8T,American Garden,6.58,690.01,37.94,22.48%,315,288,4.44%,4.44%,93.33%,100.00%,6.11,(19.81)%,-122.61,532.13,96.00,18.50%,9.22%,51.87%,113,16.63,78.00
B01FMA8PRW,foster clark's,1.22,689.00,0,15.45%,5134,4454,6.24%,6.24%,99.47%,52.87%,1.57,(90.99)%,-663.19,992.23,751.00,4.95%,14.39%,25.69%,440,2.79,0
B0847NL6J7,Al Osra,3.10,682.11,0,10.25%,1122,874,21.20%,21.20%,83.05%,94.71%,2.80,(59.27)%,-415.24,4549.08,1705.00,8.43%,4.56%,70.34%,243,2.67,75.40
B00L28CX1I,American Garden,5.01,675.20,40.76,19.53%,1516,1448,1.72%,1.72%,93.90%,100.00%,4.47,(17.23)%,-115.99,1164.97,275.00,18.53%,5.26%,32.34%,151,0.00,96.00
B083VKZNZQ,American Garden,1.69,667.01,30.00,13.61%,2249,2219,0.09%,0.09%,100.00%,87.50%,1.63,(44.67)%,-295.56,631.45,384.00,18.41%,(1.08)%,40.11%,410,1.64,0
B0735DQN34,Ching's Secret,2.44,664.11,0,28.97%,760,676,55.07%,55.07%,28.04%,99.63%,2.41,(68.02)%,-469.90,644.21,339.00,14.63%,21.02%,0.00%,277,3.80,96.70
B00L2ZLJQG,American Garden,1.47,662.73,0,25.01%,1639,1604,1.04%,1.04%,94.91%,100.00%,1.37,(34.52)%,-223.94,513.97,432.00,18.42%,13.47%,22.22%,482,7.14,95.00
B09CWX9NDP,UNKNOWN,2.30,656.38,27.92,47.96%,845,811,14.01%,14.01%,155.56%,100.00%,3.37,(10.48)%,-69.29,1400.54,737.00,13.52%,43.54%,100.00%,195,5.70,69.10
B07NF7G74H,Al Arabi,6.74,656.13,0,16.19%,427,404,19.86%,19.86%,88.34%,98.19%,5.01,(19.68)%,-132.66,692.21,154.00,8.83%,10.26%,33.62%,128,0.00,84.20
B01LYT8NCG,Foster Clarks,1.15,651.75,0,13.64%,2496,1852,21.07%,21.07%,45.81%,100.00%,1.18,(124.50)%,-904.77,913.87,835.00,10.13%,7.64%,41.23%,560,1.09,93.20
B07PFYFQPJ,American Garden,1.92,651.60,5.64,22.42%,3603,3364,4.19%,4.19%,98.24%,100.00%,1.99,(30.19)%,-199.38,2183.77,1208.00,18.46%,9.28%,23.28%,327,0.00,98.30
B07HFFC729,American Garden,4.96,633.40,37.35,22.86%,928,897,11.75%,11.75%,74.38%,88.89%,4.62,(13.75)%,-84.14,533.51,127.00,18.50%,9.14%,89.36%,137,8.40,95.80
B07N1QW1L4,Splenda,3.21,631.92,10.48,26.06%,656,630,14.50%,14.50%,73.58%,94.08%,4.82,(13.88)%,-89.30,458.56,121.00,8.29%,21.44%,0.00%,131,0.00,97.00
B083VL3R3L,Tetley,6.08,622.47,0,(15.63)%,451,360,6.38%,6.38%,96.22%,100.00%,4.12,(65.15)%,-404.35,971.53,183.00,10.49%,(28.78)%,71.23%,152,15.93,98.50
B083VKPXST,Al Rifai,11.89,611.34,0,2.68%,1476,1176,21.40%,21.40%,89.86%,87.15%,8.37,(24.30)%,-145.97,1676.38,192.00,8.57%,(4.26)%,90.55%,74,0.00,72.50
B004GP00PU,American Garden,3.53,607.82,22.01,26.51%,2399,2238,10.68%,10.68%,92.17%,100.00%,3.87,(25.64)%,-157.55,2464.65,736.00,18.53%,13.50%,42.99%,157,6.70,90.00
B00RUCFLR8,Foster Clarks,0.75,605.63,0,15.00%,4057,2140,27.74%,27.74%,46.60%,94.03%,0.64,(144.07)%,-1005.78,1485.03,2446.00,10.32%,5.77%,57.35%,945,1.21,89.40
B083VK1X8N,TATA,5.02,600.00,0,23.42%,820,740,14.29%,14.29%,79.13%,99.69%,5.26,(12.05)%,-71.74,1366.51,301.00,13.02%,13.68%,58.31%,113,0.00,100.00
B083VK2HWC,Al Rifai,6.28,597.58,133.39,29.36%,805,770,16.89%,16.89%,89.09%,82.62%,5.80,(0.46)%,-2.79,1652.30,350.00,17.03%,18.63%,58.17%,106,0.00,73.40
B083VKDMJ8,American Garden,2.91,593.07,2.12,28.84%,528,508,19.35%,19.35%,88.84%,99.56%,2.85,(35.88)%,-213.42,436.64,180.00,18.50%,14.92%,0.00%,210,4.85,78.70
B083VK2HQM,TATA,4.23,588.63,103.76,5.94%,887,718,25.40%,25.40%,90.76%,100.00%,3.63,(50.80)%,-287.64,2361.97,554.00,22.07%,(17.34)%,100.00%,163,21.32,100.00
B07576C6TY,Chings Secret,2.44,562.60,0,19.80%,1908,1342,18.50%,18.50%,100.20%,97.33%,2.23,(61.01)%,-349.67,2111.44,972.00,13.76%,11.34%,54.40%,254,1.98,74.20
B07FYM8FB2,Dilmah,2.57,559.00,102.95,38.43%,675,653,11.11%,11.11%,91.67%,100.00%,2.85,(16.08)%,-89.68,497.67,210.00,28.60%,17.96%,0.00%,196,2.18,76.00
B07NF7VR7Y,American Garden,4.27,558.45,3.36,19.29%,963,751,28.47%,28.47%,107.72%,100.00%,3.85,(63.22)%,-291.62,1956.89,536.00,18.53%,5.20%,59.78%,149,10.95,89.40
B091VPXTQJ,American Garden,4.29,547.49,52.79,18.59%,1017,864,9.88%,9.88%,95.65%,89.44%,4.35,(36.34)%,-201.11,1277.06,304.00,19.01%,3.32%,56.72%,126,0.00,0
B07NF78ZBY,Tetley,5.34,544.13,0,10.46%,367,211,26.05%,26.05%,85.23%,100.00%,8.78,(26.30)%,-138.90,1107.47,127.00,9.71%,0.64%,51.97%,62,8.72,90.00
B083VL85MX,TATA,18.59,539.40,0,21.46%,256,198,12.03%,12.03%,96.15%,86.67%,16.86,2.04%,10.92,491.71,33.00,14.01%,11.60%,0.00%,34,0.00,100.00
B083VKDMN1,TATA,18.89,537.15,0,(4.53)%,305,273,47.46%,47.46%,80.95%,95.45%,12.21,(32.45)%,-174.64,819.52,55.00,14.99%,(22.05)%,0.00%,45,0.00,100.00
B07P8BSM8D,American Garden,4.58,516.25,32.91,18.87%,866,780,8.90%,8.90%,92.34%,84.83%,3.94,(27.12)%,-139.49,964.08,255.00,20.35%,2.81%,55.70%,131,3.85,97.00
B083VK72KB,TATA,10.11,513.66,0,(5.66)%,219,194,24.19%,24.19%,94.87%,98.73%,6.94,(42.13)%,-210.63,646.20,78.00,13.72%,(19.35)%,71.76%,74,8.28,100.00
B083VK9J3B,Al Rifai,2.37,512.29,59.87,24.05%,151,142,21.19%,21.19%,70.25%,96.88%,2.15,(29.51)%,-135.23,372.70,209.00,13.78%,17.15%,77.36%,245,8.92,70.90
B07MTXFYBT,American Garden,3.74,502.07,25.53,27.19%,670,607,14.22%,14.22%,83.29%,91.70%,3.54,(18.91)%,-91.39,1055.85,360.00,18.24%,14.90%,59.12%,142,3.02,98.50
B083VKRTVV,TATA,5.68,497.26,0,24.90%,316,257,18.65%,18.65%,65.25%,100.00%,5.65,(20.67)%,-88.39,530.07,113.00,13.70%,16.99%,0.00%,88,9.38,93.50
B07NF85QWR,Al Rifai,9.40,496.51,0,(4.08)%,1411,1164,24.77%,24.77%,100.00%,78.97%,6.13,(38.89)%,-195.54,1397.79,198.00,11.29%,(15.17)%,86.02%,85,0.00,77.50
B07NF7LF35,American Garden,2.10,486.95,0,21.91%,2142,2004,11.96%,11.96%,84.62%,100.00%,2.19,(32.85)%,-158.16,1550.07,781.00,18.51%,9.52%,30.50%,227,1.98,93.00
B083VKVWG6,Al Rifai,8.02,480.94,32.76,18.87%,249,222,12.05%,12.05%,69.66%,98.89%,7.07,(4.36)%,-20.38,373.55,62.00,9.13%,14.81%,0.00%,68,0.00,75.00
B00CABG8WG,American Garden,2.85,476.23,11.32,24.77%,905,852,8.96%,8.96%,84.62%,92.86%,2.74,(31.35)%,-152.24,349.37,145.00,18.39%,11.97%,0.00%,180,0.00,0
B07NF825YZ,Al Rifai,6.87,473.88,12.44,27.24%,167,161,12.14%,12.14%,92.66%,94.78%,6.77,3.10%,14.72,888.79,172.00,8.22%,23.67%,75.00%,70,0.00,79.20
B083VKML59,American Garden,1.65,458.77,1.18,19.40%,579,562,3.28%,3.28%,100.00%,93.55%,1.54,(51.40)%,-237.88,428.80,300.00,18.44%,7.47%,33.21%,297,0.00,81.90
B00L305VAU,American Garden,1.21,451.91,0,27.10%,488,453,9.22%,9.22%,100.00%,100.00%,1.20,(40.79)%,-184.21,332.98,336.00,18.45%,17.11%,42.09%,378,0.00,85.00
B01JAY1OWY,Chings Secret,1.33,449.94,0,34.33%,1155,1070,28.56%,28.56%,73.69%,76.03%,1.59,(86.09)%,-407.04,4131.08,2330.00,14.57%,27.82%,82.22%,285,2.27,64.10
B08296B566,Ching's Secret,1.84,447.09,0,23.51%,857,743,23.68%,23.68%,73.53%,100.00%,1.94,(63.01)%,-291.77,532.90,323.00,13.61%,15.13%,100.00%,229,4.95,78.70
B00L28CV3S,American Garden,4.56,445.41,14.31,16.29%,5737,5619,3.43%,3.43%,98.43%,100.00%,3.87,(24.21)%,-108.09,962.41,250.00,18.50%,0.61%,15.20%,115,3.85,93.00
B0711KYX2S,Lotte,0.00,443.34,0,16.54%,319,305,66.77%,66.77%,31.25%,96.97%,7.39,(13.93)%,-60.03,404.30,60.00,10.43%,8.81%,0.00%,69,0.00,75.90
B0CYT6SRXZ,TATA,1.64,435.98,56.53,25.59%,1246,1223,10.66%,10.66%,79.25%,100.00%,5.19,(20.43)%,-87.42,921.31,203.00,17.53%,12.56%,0.00%,84,0.00,87.50
B00L2ZKAE8,American Garden,2.24,432.61,5.71,14.47%,450,361,19.67%,19.67%,90.59%,94.44%,1.85,(70.93)%,-323.76,462.44,243.00,18.54%,(2.94)%,51.84%,232,1.90,0
B07NF8WZRC,Lotte,0.45,420.30,0,21.27%,1960,1774,13.88%,13.88%,34.51%,98.16%,0.51,(138.23)%,-621.56,298.52,746.00,8.45%,20.67%,42.62%,839,2.41,62.50
B009B1L17K,Al Osra,1.61,414.26,27.79,7.14%,1445,1016,2.29%,2.29%,69.14%,78.20%,1.39,(87.56)%,-377.72,1975.90,1440.00,9.40%,0.96%,32.66%,301,0.00,92.90
B07MTQB5Q7,American Garden,4.57,410.18,9.77,22.97%,962,835,20.10%,20.10%,89.02%,100.00%,4.88,(19.98)%,-82.58,1015.62,229.00,18.51%,9.18%,73.38%,84,0.00,100.00
B00L2ZKWCI,American Garden,1.94,406.50,16.23,22.16%,1393,965,14.62%,14.62%,93.65%,83.11%,2.67,(52.84)%,-232.25,2119.18,862.00,18.50%,8.07%,70.83%,151,0.00,98.30
B083VKND7T,TATA,10.07,405.56,0,22.47%,170,156,0.00%,0.00%,100.00%,100.00%,9.89,(4.73)%,-19.20,266.02,30.00,13.75%,10.36%,0.00%,41,8.87,100.00
B07HFCZMBW,American Garden,2.48,397.18,0,20.95%,845,803,8.67%,8.67%,90.67%,86.21%,5.44,(17.50)%,-68.02,258.81,51.00,18.27%,6.73%,35.78%,75,5.07,90.00
B083VK2HW5,Al Rifai,3.46,396.26,61.51,23.38%,511,471,4.70%,4.70%,59.43%,95.11%,3.12,(19.16)%,-75.12,275.60,106.00,13.44%,16.67%,0.00%,133,0.00,75.90
B083VKVVK9,Al Rifai,6.52,392.47,0,26.31%,216,211,18.52%,18.52%,96.43%,99.29%,6.33,(1.51)%,-5.95,729.78,149.00,8.28%,22.63%,75.31%,62,0.00,65.00
B00A0BDB4G,American Garden,1.70,392.35,10.06,26.42%,291,268,11.34%,11.34%,94.92%,77.25%,2.35,(27.97)%,-103.69,334.63,167.00,18.50%,14.71%,30.27%,167,10.02,82.00
B07531B6QM,Ching's Secret,1.54,377.26,0,19.76%,452,425,40.94%,40.94%,46.95%,98.12%,1.50,(205.11)%,-496.84,345.67,269.00,12.52%,14.16%,53.35%,262,16.71,84.20
B07RN74QSC,American Garden,4.07,374.89,0,20.04%,973,855,11.24%,11.24%,98.42%,93.86%,3.38,(33.33)%,-118.20,1547.12,502.00,18.60%,7.66%,51.82%,111,0.00,98.30
B07GST9J7L,Dilmah,1.72,372.80,133.41,32.26%,522,415,19.05%,19.05%,95.90%,89.04%,1.65,(45.12)%,-175.63,314.91,189.00,36.19%,(1.01)%,100.00%,222,3.33,0
B083VKDQ5R,American Garden,3.16,362.91,11.51,26.76%,262,247,8.78%,8.78%,87.41%,100.00%,3.16,(14.55)%,-51.48,284.55,106.00,18.53%,14.93%,0.00%,115,0.00,98.30
B01DM7RVUY,American Garden,4.36,358.08,3.94,23.15%,687,647,2.62%,2.62%,78.57%,100.00%,4.07,(21.61)%,-75.42,245.63,66.00,18.52%,8.54%,99.13%,88,3.72,97.00
B07J3WYR89,Dilmah,2.76,346.27,14.80,26.45%,458,364,31.88%,31.88%,68.75%,96.97%,2.36,(32.56)%,-114.21,370.74,162.00,26.22%,4.09%,0.00%,149,5.10,71.00
B0CYT9BCRH,TATA,1.47,342.25,0,24.32%,2052,2016,10.54%,10.54%,93.64%,100.00%,2.88,(29.58)%,-104.22,1063.50,435.00,13.48%,14.99%,0.00%,117,0.00,86.00
B083VK72NG,American Garden,4.20,341.94,0,15.19%,700,622,7.99%,7.99%,95.69%,88.08%,3.20,(35.47)%,-118.33,995.56,322.00,18.33%,1.57%,59.09%,108,0.00,98.30
B00XW5AV18,Ching's Secret,1.37,336.28,0,19.15%,1184,975,5.52%,5.52%,72.28%,100.00%,1.27,(91.34)%,-329.56,345.43,305.00,12.45%,11.09%,82.28%,265,2.27,83.00
B079H3CX14,Ching's Secret,1.37,325.04,0,19.25%,1279,1099,9.00%,9.00%,87.63%,94.54%,1.27,(90.70)%,-320.14,962.69,850.00,13.43%,11.10%,52.61%,255,0.00,89.20
B01M4LJ19V,Splenda,4.23,318.87,0,21.22%,814,617,75.98%,75.98%,9.93%,91.34%,4.09,(25.52)%,-83.39,395.01,110.00,13.00%,12.16%,100.00%,93,0.00,0
B07NF86HPC,American Garden,1.42,315.22,1.86,43.77%,348,323,6.90%,6.90%,82.61%,85.19%,2.77,(4.87)%,-15.72,162.94,90.00,18.50%,34.52%,41.46%,114,0.00,73.00
B07PCMFZ1L,American Garden,3.69,312.73,8.05,18.68%,680,615,11.91%,11.91%,88.32%,100.00%,3.26,(34.74)%,-110.22,927.84,300.00,18.31%,5.06%,47.33%,104,0.00,90.00
B00L2ZLC86,American Garden,2.96,310.40,0,28.03%,358,296,13.80%,13.80%,92.31%,51.12%,2.87,(29.58)%,-97.71,224.21,91.00,18.33%,14.27%,0.00%,108,0.00,0
B083VKKHVC,Tata Global Beverages,2.93,306.26,0,23.94%,770,630,12.92%,12.92%,97.05%,98.45%,2.86,(42.06)%,-130.73,1228.67,502.00,13.18%,14.49%,45.93%,107,0.00,98.50
B07RVJGVNR,American Garden,3.98,302.92,5.55,15.57%,1277,1146,4.23%,4.23%,92.97%,85.40%,3.22,(39.77)%,-118.41,1436.62,466.00,18.83%,3.91%,23.39%,94,0.00,98.30
B0BZVMBMJZ,Chings Secret,0.00,296.39,0,19.27%,863,717,21.86%,21.86%,31.09%,76.11%,1.64,(104.94)%,-313.40,691.18,428.00,18.13%,7.37%,60.13%,197,2.96,80.90
B00L305TGG,American Garden,1.32,294.57,0,25.89%,602,547,3.54%,3.54%,67.25%,42.64%,1.30,(54.67)%,-164.59,269.47,242.00,18.50%,14.19%,32.00%,227,0.00,95.00
B07P76HLLL,American Garden,6.42,287.35,46.96,11.58%,470,434,0.44%,0.44%,66.67%,100.00%,5.13,(43.76)%,-127.90,131.33,24.00,18.53%,(6.65)%,45.48%,56,0.00,97.00
B0DDCMJ6TT,Chings,0.00,286.64,0,30.42%,338,327,17.46%,17.46%,88.31%,99.09%,2.56,(50.78)%,-144.13,604.87,309.00,13.58%,23.51%,33.33%,112,1.96,58.40
B079H7X84W,Ching's Secret,0.00,279.97,0,9.14%,1730,516,4.94%,4.94%,72.86%,99.93%,1.01,(84.14)%,-254.73,1128.49,1090.00,14.57%,(2.73)%,48.84%,278,0.00,76.50
B0B4P6HYVX,KANNAN DEVAN,0.10,275.72,0,(6.49)%,928,805,14.53%,14.53%,89.60%,94.34%,2.06,(91.55)%,-259.46,1043.82,426.00,13.03%,(19.08)%,77.86%,134,2.45,72.50
B07NF8729H,American Garden,1.85,273.67,0,17.76%,2537,2346,14.74%,14.74%,89.32%,100.00%,1.95,(67.85)%,-191.22,1677.54,893.00,18.01%,4.07%,19.33%,143,0.00,90.00
B0C662Q2PL,TATA,0.31,273.56,0,19.15%,443,362,31.91%,31.91%,51.61%,98.35%,1.21,(119.43)%,-345.66,467.49,446.00,13.11%,13.02%,84.30%,227,2.10,86.70
B083VKYVD9,TATA,2.41,271.55,0,17.55%,455,333,16.92%,16.92%,94.27%,100.00%,2.38,(48.87)%,-140.23,1387.44,623.00,12.94%,6.51%,0.00%,114,0.00,100.00
B07G8CWVGD,American Garden,5.59,271.51,12.74,16.91%,466,437,0.22%,0.22%,100.00%,100.00%,5.03,(21.16)%,-56.49,180.43,38.00,16.14%,5.57%,37.36%,54,4.75,97.00
B072J1DBM2,Dilmah,2.33,267.49,13.25,29.51%,376,359,39.04%,39.04%,24.04%,75.06%,2.35,(50.35)%,-142.84,264.28,121.00,25.64%,7.04%,0.00%,112,2.18,0
B0CYT7YKYH,TETLEY,3.67,267.46,0,24.37%,150,150,8.00%,8.00%,100.00%,97.22%,7.43,(9.30)%,-25.03,224.02,35.00,13.46%,13.85%,0.00%,36,0.00,86.00
B00L305X8K,American Garden,1.19,265.68,12.42,25.11%,462,403,2.81%,2.81%,100.69%,100.00%,1.16,(47.89)%,-127.33,779.47,778.00,18.50%,13.64%,39.41%,227,0.00,90.00
B07NF84G8R,Al Rifai,18.02,262.19,34.34,15.15%,260,243,24.23%,24.23%,100.00%,100.00%,16.39,(4.09)%,-9.22,2085.45,154.00,11.38%,17.36%,67.27%,17,0.00,77.50
B07PBLJ3VP,American Garden,6.70,261.25,47.36,14.22%,2365,2158,18.31%,18.31%,99.49%,100.00%,5.68,(36.80)%,-94.41,1086.45,194.00,17.14%,2.18%,29.40%,49,0.00,93.00
B07P76HBPW,American Garden,2.91,255.00,0,23.86%,583,534,9.09%,9.09%,50.00%,52.17%,2.83,(51.01)%,-121.28,214.74,84.00,18.50%,9.77%,80.55%,90,0.00,98.50
B091VQKB28,American Garden,4.12,253.50,15.32,19.03%,677,653,25.26%,25.26%,93.06%,100.47%,4.37,(20.33)%,-53.89,833.91,200.00,18.50%,4.26%,48.40%,61,0.00,0
B087GKZR5Z,Diamond,13.26,246.67,0,12.04%,37,36,8.11%,8.11%,87.50%,100.00%,11.75,(20.62)%,-41.66,270.51,24.00,8.33%,4.04%,69.57%,21,11.27,82.50
B01AERH4WU,American Garden,1.86,244.46,8.60,17.69%,541,427,12.01%,12.01%,95.17%,96.16%,1.63,(80.68)%,-208.89,953.69,605.00,18.51%,3.28%,59.30%,149,0.00,93.70
B00L28CNI6,American Garden,4.53,243.86,7.84,17.85%,1185,1060,10.97%,10.97%,98.71%,100.00%,3.93,(36.53)%,-91.25,893.12,232.00,18.52%,2.12%,34.90%,63,0.00,96.00
B083VKH3K8,American Garden,2.57,243.74,0,9.78%,256,250,8.20%,8.20%,100.00%,100.00%,1.98,(39.68)%,-99.65,239.65,111.00,18.52%,(8.95)%,44.83%,123,0.00,82.00
B0BF72D275,DIAMOND دايموند,11.37,242.17,40.61,8.22%,196,194,3.59%,3.59%,83.33%,85.71%,13.45,(12.13)%,-29.77,53.91,4.00,8.73%,(0.17)%,0.00%,16,0.00,72.50
B01E5RZPPI,Foster Clarks,1.84,237.69,0,7.50%,1514,1131,46.29%,46.29%,21.18%,100.00%,1.76,(107.59)%,-281.66,242.94,135.00,10.26%,(2.21)%,72.94%,147,0.00,98.20
B00OD85QW2,UNKNOWN,1.25,236.04,0,21.11%,693,632,32.80%,32.80%,86.86%,98.56%,1.13,(139.00)%,-307.21,192.37,206.00,9.57%,17.71%,61.82%,208,0.93,69.10
B07PGTW6PZ,American Garden,5.29,232.04,45.94,21.95%,727,644,21.46%,21.46%,60.00%,100.00%,4.74,(26.94)%,-64.09,159.66,36.00,19.32%,6.35%,73.60%,50,0.00,98.50
B07NF7X5MY,Lotte,1.18,231.44,0,12.74%,1369,615,47.85%,47.85%,8.87%,94.10%,0.46,(83.53)%,-202.09,124.15,300.00,7.97%,9.52%,100.00%,506,0.00,0
B075733JRQ,Ching's Secret,1.07,230.12,0,21.57%,2238,509,27.55%,27.55%,87.69%,98.37%,1.02,(86.83)%,-203.69,1958.37,2227.00,14.63%,13.64%,30.15%,233,0.88,60.50
B004TRNK20,Lotte,1.00,229.67,0,13.09%,1228,944,31.12%,31.12%,37.91%,95.41%,1.06,(47.15)%,-106.45,464.11,497.00,8.40%,11.77%,62.84%,215,0.00,76.70
B083VKH3Q5,TATA,32.29,228.40,0,16.94%,523,448,54.58%,54.58%,66.67%,93.75%,28.55,1.39%,3.18,274.43,10.00,14.74%,3.88%,100.00%,8,0.00,77.50
B07NF5BLTB,Al Rifai,7.22,226.43,0,21.52%,503,454,27.83%,27.83%,90.99%,88.93%,3.48,(29.46)%,-66.25,647.06,227.00,8.21%,18.17%,45.43%,67,2.85,61.70
B08ZQF4KQJ,Afia,40.39,221.48,0,29.67%,565,500,39.78%,39.78%,84.36%,93.31%,13.84,2.59%,5.68,3144.64,309.00,8.79%,26.48%,49.23%,16,0.00,70.00
B00L28CIQ8,American Garden,7.66,219.30,0,21.11%,573,519,13.09%,13.09%,86.34%,72.85%,6.85,(10.05)%,-22.16,830.78,141.00,18.50%,6.36%,49.03%,33,0.00,95.50
B083VKCGWQ,American Garden,4.27,218.08,0,27.48%,302,256,35.43%,35.43%,54.22%,100.00%,4.19,(17.99)%,-40.99,162.82,45.00,18.50%,13.73%,100.00%,52,0.00,92.50
B0B8DLJMK1,American Garden,6.83,216.80,16.70,19.09%,827,723,18.27%,18.27%,105.67%,100.00%,5.86,(21.70)%,-43.81,884.84,158.00,17.51%,4.43%,66.73%,37,11.20,100.00
B079H7W8TZ,Ching's Secret,1.09,215.59,0,26.74%,310,292,52.10%,52.10%,44.44%,100.00%,1.12,(81.62)%,-181.79,179.39,204.00,13.72%,21.28%,85.98%,195,0.88,79.50
B01CEI7ZF8,American Garden,3.19,214.02,0,19.62%,955,853,16.34%,16.34%,88.54%,100.00%,3.24,(50.18)%,-107.64,842.13,283.00,18.24%,8.24%,29.90%,67,0.00,91.70
B0C6635B2K,TATA,0.13,211.51,0,16.23%,427,349,46.48%,46.48%,29.56%,100.00%,1.40,(116.44)%,-229.68,278.95,218.00,12.91%,8.65%,53.62%,155,0.00,86.90
B01N0AHJ3U,UNKNOWN,6.29,209.80,0,18.92%,270,216,73.28%,73.28%,7.14%,100.00%,6.17,(18.35)%,-33.74,160.41,30.00,9.33%,13.35%,0.00%,34,21.39,62.50
B07575VD7D,Chings,0.26,196.19,0,21.69%,308,267,23.78%,23.78%,52.78%,100.00%,1.28,(74.44)%,-150.17,171.58,156.00,14.12%,14.23%,100.00%,153,1.10,75.00
B08KZ6FMY9,UNKNOWN,7.83,194.64,0,(15.83)%,314,251,9.03%,9.03%,8.70%,100.00%,5.90,(55.60)%,-107.75,28.59,4.00,8.00%,(21.16)%,100.00%,33,0.00,73.40
B00L28CYZ8,American Garden,5.02,191.68,0,22.99%,815,722,22.70%,22.70%,93.63%,95.15%,4.56,(12.03)%,-23.44,626.97,148.00,18.50%,7.18%,49.73%,43,0.00,93.00
B0D2P64GWB,Tata Soulfull,0.00,188.58,9.31,16.59%,340,281,69.14%,69.14%,24.20%,98.74%,6.74,(25.95)%,-50.10,276.95,42.00,16.14%,2.09%,87.27%,28,0.00,0
B083VKRS1R,Al Rifai,4.75,184.54,29.99,23.31%,137,130,36.50%,36.50%,60.32%,98.44%,4.29,(17.05)%,-31.92,153.48,43.00,13.15%,16.83%,88.89%,43,0.00,65.90
B000I0VTMA,American Garden,5.58,180.30,0,19.51%,319,314,23.36%,23.36%,73.33%,100.00%,5.15,(17.37)%,-29.00,170.93,36.00,18.50%,7.83%,66.48%,35,0.00,95.50
B087GK61LY,Diamond,19.52,176.12,0,5.26%,249,234,34.54%,34.54%,80.00%,93.75%,16.01,(24.40)%,-40.03,182.53,11.00,8.58%,(3.64)%,68.78%,11,0.00,78.40
B07MQ16Q5L,Lotte,1.28,175.50,0,15.05%,898,674,56.84%,56.84%,28.24%,100.77%,1.07,(82.08)%,-126.52,153.15,164.00,9.49%,12.73%,100.00%,119,2.80,0
B00L2ZKXO0,American Garden,2.33,174.80,0,17.71%,1141,811,19.46%,19.46%,78.90%,38.38%,2.69,(44.26)%,-79.68,281.64,101.00,16.39%,5.14%,36.52%,66,0.00,98.30
B01CEHTICM,American Garden,3.12,169.70,3.15,22.87%,721,632,35.51%,35.51%,94.21%,100.00%,3.26,(41.34)%,-73.40,874.86,294.00,18.50%,8.82%,50.79%,52,0.00,91.70
B091VSDXFF,American Garden,5.50,166.72,2.55,24.34%,683,636,30.89%,30.89%,96.88%,100.00%,5.21,(10.01)%,-17.24,725.36,157.00,17.70%,11.32%,90.68%,32,0.00,95.50
B0B8DMQRPR,American Garden,6.92,165.19,0,19.77%,1755,1420,30.50%,30.50%,73.26%,92.86%,5.90,(17.28)%,-29.22,1265.66,226.00,17.18%,5.08%,69.43%,39,0.00,100.00
B00L2ZK5P2,American Garden,2.38,163.96,0,10.90%,2137,1460,29.05%,29.05%,61.10%,95.29%,2.19,(83.49)%,-144.41,2564.59,1134.00,15.71%,(1.88)%,80.60%,75,0.00,97.00
B07PSC37XV,American Garden,4.24,163.84,0,8.32%,327,303,22.88%,22.88%,98.61%,83.72%,4.00,(61.98)%,-98.43,293.25,72.00,11.73%,(1.92)%,80.58%,41,12.22,0
B00L2ZKQ92,American Garden,5.73,163.25,0,20.79%,185,175,11.70%,11.70%,102.78%,58.06%,4.95,(21.35)%,-33.55,173.62,38.00,18.54%,7.05%,50.64%,33,0.00,98.30
B0DT5Z95MT,TATA GLOBAL BEVeRAGES,2.35,163.10,24.66,28.72%,283,263,24.03%,24.03%,88.13%,100.00%,4.94,(13.43)%,-22.02,670.64,161.00,18.82%,15.72%,0.00%,33,0.00,63.50
B07PQ5ZRZ7,Al Rifai,9.01,161.19,0,23.35%,171,152,25.15%,25.15%,101.00%,99.01%,8.48,(4.94)%,-7.52,771.89,114.00,8.00%,20.19%,62.25%,20,0.00,72.50
B083VKRS1M,Al Rifai,5.64,159.03,0,22.45%,301,275,13.62%,13.62%,81.25%,100.00%,5.13,(9.48)%,-14.89,110.14,26.00,8.86%,17.42%,0.00%,31,0.00,67.40
B075731CHK,Ching's Secret,1.37,156.07,0,18.07%,360,317,12.36%,12.36%,90.00%,89.47%,1.28,(85.93)%,-140.13,192.54,170.00,12.78%,11.46%,100.00%,122,0.00,71.20
B00L2ZKP0M,American Garden,6.06,154.90,8.02,16.64%,211,183,17.76%,17.76%,90.24%,67.21%,4.69,(27.53)%,-32.15,647.46,144.00,18.50%,4.30%,49.28%,33,13.48,98.30
B091VP9RGN,American Garden,5.47,154.43,27.80,20.34%,414,379,18.84%,18.84%,82.28%,84.95%,5.33,(10.50)%,-16.12,295.69,64.00,12.76%,13.24%,78.67%,29,0.00,95.50
B091VQ8QSN,American Garden,5.05,149.40,0,20.66%,651,544,55.89%,55.89%,100.00%,100.00%,4.39,(32.72)%,-49.81,1103.85,265.00,18.50%,5.20%,72.53%,34,0.00,96.70
B00L28CGDS,American Garden,3.84,144.94,0,23.44%,641,609,1.72%,1.72%,86.84%,79.17%,3.62,(25.59)%,-35.57,107.99,33.00,18.50%,9.69%,81.54%,41,3.27,85.50
B00JOQS7FQ,Al Rifai,8.30,144.20,0,26.41%,136,129,28.68%,28.68%,98.90%,100.00%,8.01,8.97%,12.82,1184.57,190.00,8.00%,22.18%,51.19%,18,0.00,78.30
B0756YP6QK,Ching's Secret,1.37,143.02,0,18.89%,360,290,11.56%,11.56%,74.19%,100.00%,1.27,(94.84)%,-141.34,135.91,120.00,14.35%,10.52%,100.00%,114,1.13,75.70
B0C62C61N7,TATA,0.00,142.50,0,(2.04)%,899,792,20.25%,20.25%,31.29%,98.56%,2.69,(78.59)%,-120.88,371.37,118.00,13.13%,(17.06)%,82.26%,57,0.00,100.00
B083VKDQ3Z,TATA,8.26,140.47,0,10.29%,525,311,41.25%,41.25%,64.29%,100.00%,8.26,(18.18)%,-26.11,151.36,18.00,12.88%,(1.86)%,0.00%,18,0.00,100.00
B008IJ9XRQ,American Garden,5.36,138.94,27.33,21.82%,387,334,13.70%,13.70%,61.36%,100.00%,4.96,(13.11)%,-18.19,123.05,27.00,18.56%,8.15%,92.00%,28,0.00,95.50
B00L305YHK,American Garden,1.24,137.81,0,23.67%,294,238,9.30%,9.30%,82.18%,71.60%,1.18,(70.56)%,-101.36,154.32,148.00,18.50%,11.47%,58.04%,117,0.00,0
B083VKYVF4,Foster Clarks,2.49,137.69,0,11.19%,397,340,47.64%,47.64%,39.84%,99.19%,2.50,(49.00)%,-67.50,133.47,53.00,14.43%,(0.60)%,79.88%,59,0.00,70.90
B07PN2Q5H7,Al Rifai,14.11,133.37,0,26.87%,96,93,51.04%,51.04%,100.00%,100.00%,13.34,8.71%,11.74,1293.39,122.00,8.00%,20.51%,57.78%,8,0.00,74.20
B0DT63965V,TATA GLOBAL BEVeRAGES,2.74,130.83,15.01,29.62%,140,138,2.14%,2.14%,90.32%,100.00%,5.23,(19.39)%,-24.03,210.53,48.00,17.93%,16.19%,0.00%,25,4.39,63.50
B0DBR4V7W7,TATA,0.00,129.74,0,18.61%,414,351,46.12%,46.12%,80.62%,100.00%,3.51,(42.44)%,-56.92,1767.87,555.00,14.24%,9.16%,0.00%,37,0.00,80.00
B083VKRRWG,TATA,2.59,129.66,0,22.22%,821,540,17.01%,17.01%,91.97%,97.91%,2.49,(57.95)%,-76.77,1198.14,538.00,14.09%,10.69%,57.55%,52,2.23,93.50
B00345SZ00,Chings Secret,1.55,128.63,0,17.36%,1288,840,18.96%,18.96%,64.84%,64.19%,1.53,(77.72)%,-100.64,570.20,388.00,12.79%,14.99%,0.00%,84,0.00,93.50
B07NF8RLW5,Al Rifai,1.90,124.74,0,9.81%,484,414,21.07%,21.07%,97.30%,87.83%,1.50,(55.66)%,-72.92,830.28,582.00,8.00%,5.08%,35.57%,83,0.00,70.90
B00BGV94SG,UNKNOWN,1.22,123.09,0,31.88%,397,359,49.37%,49.37%,82.47%,99.62%,1.38,(82.99)%,-109.51,702.47,679.00,13.80%,25.20%,75.00%,93,0.00,71.50
B083VKH3K9,American Garden,0.05,120.90,2.20,(36.38)%,175,166,4.02%,4.02%,100.00%,100.00%,1.30,(96.80)%,-120.04,75.56,35.00,18.50%,(66.07)%,0.00%,93,0.00,72.00
B083VK9J27,American Garden,3.02,115.65,0,21.70%,184,151,17.39%,17.39%,93.94%,47.83%,2.75,(57.94)%,-64.32,84.36,33.00,18.52%,7.16%,44.87%,43,0.00,85.80
B00L28CTEE,American Garden,4.61,111.55,0,19.81%,959,864,17.31%,17.31%,102.07%,98.56%,3.98,(27.16)%,-31.02,3229.86,839.00,18.17%,5.12%,34.21%,29,0.00,93.00
B07PCDZ634,American Garden,3.83,110.85,0,18.85%,531,496,4.52%,4.52%,100.00%,100.00%,3.58,(37.56)%,-41.05,101.45,31.00,18.57%,8.49%,36.21%,31,0.00,93.00
B07NF7QH9S,Al Rifai,7.58,109.11,0,31.53%,109,92,38.53%,38.53%,99.05%,100.00%,7.79,8.38%,9.27,672.72,118.00,6.86%,26.85%,64.13%,15,0.00,77.50
B08CHXZ7ZT,UNKNOWN,1.92,108.55,0,23.87%,439,240,57.44%,57.44%,63.45%,100.00%,2.01,(68.50)%,-79.79,491.66,298.00,13.13%,17.92%,0.00%,57,0.00,64.20
B079H9C6R5,Ching's Secret,1.30,107.46,0,22.47%,206,176,29.56%,29.56%,51.25%,100.00%,1.31,(67.07)%,-71.73,321.17,292.00,14.16%,16.07%,61.54%,82,0.00,63.30
B0CZLC4GSB,Ching's Secret,0.00,107.40,0,26.89%,364,353,61.54%,61.54%,86.05%,97.73%,3.98,(51.85)%,-57.93,251.73,75.00,18.70%,14.27%,0.00%,28,0.00,73.50
B06Y56TDWC,American Garden,5.25,106.56,0,28.06%,388,367,15.72%,15.72%,55.56%,100.00%,5.07,(10.63)%,-11.67,66.53,15.00,18.50%,12.60%,65.23%,21,0.00,100.00
B0FLJH5G4D,DIAMOND دايموند,0.00,106.45,0,22.74%,90,90,6.67%,6.67%,75.00%,100.00%,21.29,7.73%,8.33,111.08,6.00,11.15%,13.04%,0.00%,5,0.00,71.90
B07575JWZV,Ching's Secret,1.55,103.04,0,26.78%,357,261,15.03%,15.03%,87.45%,89.47%,1.64,(73.39)%,-78.21,292.88,226.00,13.47%,20.76%,0.00%,62,0.00,74.50
B006OHBYTY,American Garden,4.58,101.02,0,16.52%,466,407,28.17%,28.17%,100.00%,100.00%,3.89,(51.83)%,-47.35,646.74,168.00,18.50%,0.92%,60.27%,26,0.00,94.50
B00L28CR7S,American Garden,4.59,98.52,14.91,18.35%,516,460,25.24%,25.24%,98.63%,97.99%,3.94,(37.52)%,-38.48,546.65,142.00,18.50%,2.31%,72.24%,26,0.00,93.00
B083VKYQP7,American Garden,2.91,97.59,0,25.17%,240,231,17.23%,17.23%,109.52%,100.00%,2.87,(33.87)%,-34.35,60.77,24.00,18.50%,11.79%,0.00%,34,0.00,82.00
B06XFDSL4K,Chings,0.26,94.35,0,20.84%,354,323,24.64%,24.64%,56.17%,100.00%,1.28,(60.29)%,-58.34,448.76,408.00,14.09%,13.73%,67.61%,74,0.00,80.80
B075RYJS3F,Ching's,0.39,92.68,0,13.07%,359,323,3.63%,3.63%,91.95%,98.51%,0.38,(193.45)%,-159.36,261.89,795.00,13.44%,13.98%,100.00%,242,0.66,66.50
B08CHW751L,UNKNOWN,2.28,91.69,0,23.73%,191,183,6.35%,6.35%,66.67%,85.71%,2.29,(58.95)%,-50.70,91.22,48.00,13.32%,17.10%,54.55%,40,3.80,74.20
B01CEIFG4A,American Garden,3.23,87.48,0,25.80%,232,217,21.98%,21.98%,70.97%,100.00%,3.36,(28.37)%,-25.56,62.49,21.00,18.53%,11.56%,41.52%,26,0.00,90.00
B083VKYQTG,Al Rifai,11.98,86.73,0,22.64%,96,81,44.79%,44.79%,63.64%,100.00%,10.84,(2.40)%,-2.09,63.00,7.00,9.24%,16.98%,72.22%,8,0.00,77.50
B0DT62QDW5,TATA GLOBAL BEVeRAGES,1.89,85.85,21.95,32.37%,180,176,16.57%,16.57%,94.06%,100.00%,3.90,(24.54)%,-22.66,588.21,179.00,21.49%,15.79%,0.00%,22,0.00,63.50
B087GL22N1,Diamond,16.39,83.61,0,8.57%,133,131,31.58%,31.58%,87.50%,100.00%,13.93,(16.92)%,-14.45,111.47,8.00,8.57%,0.00%,74.60%,6,0.00,82.50
B0BX71DBTN,Ching's Secret,1.78,80.54,0,28.49%,482,396,26.56%,26.56%,31.16%,88.75%,2.60,(42.81)%,-33.95,197.27,97.00,13.00%,21.72%,38.30%,31,0.00,55.00
B083VKQWR6,Al Rifai,5.60,78.73,0,25.91%,73,71,49.32%,49.32%,66.67%,94.74%,5.25,(25.28)%,-20.65,75.71,18.00,9.16%,19.86%,0.00%,15,0.00,80.00
B07576C6TW,Chings Secret,1.55,78.47,0,19.38%,439,397,30.98%,30.98%,74.53%,60.98%,1.57,(74.90)%,-58.97,425.17,288.00,12.14%,16.49%,45.16%,50,0.00,73.00
B07NF87BQT,Al Rifai,3.14,75.71,0,29.21%,98,96,39.80%,39.80%,58.06%,100.00%,3.15,(34.30)%,-28.54,47.21,20.00,8.84%,25.18%,68.60%,25,0.00,74.20
B00B73QIF0,Foster Clarks,1.37,75.17,0,14.68%,951,379,12.41%,12.41%,49.36%,89.30%,1.47,(112.12)%,-83.25,964.31,717.00,8.56%,8.75%,31.86%,51,2.69,85.00
B0011CZ7JK,Frank's RedHot,5.43,74.61,0,18.40%,171,87,38.64%,38.64%,68.29%,100.00%,3.55,(39.27)%,-30.64,119.11,35.00,15.00%,4.21%,100.00%,21,0.00,96.70
B0DDCPPZK1,Ching's Secret,0.00,72.97,0,29.20%,141,92,34.29%,34.29%,96.45%,100.00%,1.38,(65.20)%,-53.63,438.31,387.00,15.12%,17.74%,25.00%,50,0.00,74.40
B08CHVBX48,UNKNOWN,1.94,72.87,0,19.56%,638,560,25.31%,25.31%,84.66%,95.65%,1.87,(76.75)%,-58.44,518.05,314.00,13.60%,11.69%,62.18%,39,0.00,61.70
B075733JWC,Chings,0.20,72.00,0,25.73%,339,327,17.86%,17.86%,57.29%,100.00%,1.38,(74.83)%,-55.57,109.99,100.00,11.22%,20.56%,0.00%,52,0.00,75.80
B0847W462N,Ching's Secret,1.84,69.98,0,22.57%,462,241,49.72%,49.72%,75.86%,83.82%,1.94,(75.97)%,-56.41,310.17,188.00,13.00%,15.13%,100.00%,35,0.00,0
B08WXTP6C1,Chings Secret,1.04,68.44,0,27.25%,416,371,28.43%,28.43%,86.51%,94.41%,1.14,(98.07)%,-70.23,331.20,334.00,12.65%,22.09%,0.00%,60,0.00,70.00
B08WXSNHL3,Ching's Secret,1.33,68.03,0,42.74%,94,91,49.46%,49.46%,66.15%,100.00%,1.89,(58.17)%,-40.55,43.04,38.00,14.93%,40.07%,0.00%,36,0.00,77.50
B07NF98DQL,Al Rifai,5.10,67.45,0,25.29%,186,168,19.89%,19.89%,100.00%,100.00%,4.82,(10.49)%,-7.23,509.83,133.00,7.43%,20.44%,43.36%,14,0.00,77.50
B076ZW73YZ,UNKNOWN,1.30,66.68,0,24.25%,350,258,45.06%,45.06%,69.48%,100.00%,1.28,(73.33)%,-51.39,444.36,404.00,13.98%,14.23%,99.58%,52,0.00,74.20
B0C66476XR,TATA,1.03,66.51,0,26.86%,170,156,36.47%,36.47%,47.37%,90.48%,1.45,(76.70)%,-52.97,55.92,48.00,13.84%,19.43%,0.00%,46,0.00,93.70
B07NF8C4JJ,Al Rifai,2.70,66.38,0,20.88%,156,154,41.67%,41.67%,91.30%,97.46%,2.46,(52.79)%,-37.48,249.48,123.00,8.09%,17.50%,60.13%,33,0.00,73.40
B07PKDJM35,American Garden,1.71,64.97,3.11,27.38%,137,133,13.14%,13.14%,122.22%,38.30%,1.67,(73.05)%,-54.74,37.30,26.00,18.50%,13.88%,59.65%,42,0.00,0
B07PBLLSTQ,American Garden,3.81,64.52,15.42,25.37%,297,131,30.00%,30.00%,105.88%,45.95%,3.58,(14.92)%,-9.71,327.77,117.00,18.50%,11.44%,35.29%,18,0.00,0
B07575J55Z,Ching's Secret,1.77,64.00,0,34.28%,87,74,33.72%,33.72%,62.79%,95.56%,1.73,(72.74)%,-49.53,65.40,44.00,29.17%,10.80%,0.00%,37,0.00,57.50
B07P83LFGN,Afia,4.80,63.98,0,15.54%,430,351,46.33%,46.33%,76.00%,98.04%,3.37,(59.73)%,-35.52,227.40,76.00,8.86%,11.14%,65.41%,19,2.99,75.00
B081YZ6N84,Ching's Secret,1.84,61.79,0,33.54%,237,176,56.22%,56.22%,66.94%,100.00%,1.93,(73.17)%,-46.16,432.83,263.00,22.95%,15.75%,100.00%,32,1.65,78.70
B01JRUYKOK,UNKNOWN,1.57,61.14,0,31.93%,257,192,33.98%,33.98%,100.00%,100.00%,1.80,(34.91)%,-21.10,69.98,54.00,13.00%,27.93%,0.00%,34,0.00,0
B0C663CW31,TATA,0.59,60.07,0,20.88%,138,130,49.26%,49.26%,74.31%,99.22%,1.37,(112.55)%,-72.81,339.46,292.00,13.09%,14.78%,60.34%,45,0.00,91.70
B07576B8PN,Ching's Secret,0.34,57.57,0,27.81%,253,239,25.40%,25.40%,70.00%,89.55%,0.42,(259.48)%,-178.47,51.72,157.00,14.35%,21.03%,0.00%,137,0.33,80.50
B083VK2HW1,Sultan,3.79,55.58,0,25.00%,204,191,59.31%,59.31%,100.00%,100.00%,3.71,(38.33)%,-20.96,330.10,113.00,8.00%,21.16%,0.00%,16,0.00,81.70
B083VKRRWR,American Garden,2.52,55.10,0,27.92%,200,187,1.00%,1.00%,100.00%,100.00%,2.50,(32.05)%,-18.11,47.50,22.00,18.50%,13.80%,0.00%,22,0.00,82.00
B083VKML6B,Al Rifai,8.99,54.98,0,9.35%,65,63,36.51%,36.51%,100.00%,75.00%,6.87,(29.78)%,-16.94,47.28,7.00,8.42%,1.71%,78.95%,8,0.00,73.40
B09H6KZYJ9,Ching's Secret,1.52,54.56,0,25.81%,1387,418,24.79%,24.79%,100.78%,92.74%,1.52,(113.42)%,-70.71,2301.92,1721.00,17.96%,11.93%,34.75%,40,0.00,78.40
B083VK8HZK,Tetley,3.27,53.55,14.48,15.52%,143,49,44.23%,44.23%,92.31%,100.00%,3.15,(43.81)%,-24.79,48.78,17.00,7.53%,8.91%,0.00%,17,0.00,100.00
B079GXSQC4,UNKNOWN,1.30,52.13,0,21.96%,251,187,57.20%,57.20%,80.05%,100.00%,1.27,(122.91)%,-69.37,381.67,347.00,14.57%,13.50%,100.00%,41,0.00,73.30
B07NF8RTS4,Al Rifai,6.88,48.61,0,30.40%,72,65,69.44%,69.44%,98.10%,100.00%,6.94,(58.52)%,-16.47,563.54,109.00,10.43%,25.54%,82.14%,16,0.00,79.20
B083VKKWRR,Diamond,10.74,47.36,0,16.98%,28,26,85.71%,85.71%,31.11%,100.00%,9.47,(19.15)%,-9.39,259.95,31.00,6.40%,11.47%,94.44%,5,0.00,82.50
B004XVFJVW,Frank's RedHot,8.57,46.10,0,48.10%,1454,1016,88.07%,88.07%,44.44%,100.00%,7.68,(15.77)%,-6.45,111.48,18.00,21.50%,33.88%,65.96%,6,0.00,0
B083VKVVJZ,Al Rifai,4.84,45.06,0,25.41%,37,33,43.24%,43.24%,83.33%,100.00%,4.51,(27.54)%,-12.87,32.69,9.00,8.14%,19.40%,0.00%,10,0.00,73.40
B0BF63SVGB,DIAMOND دايموند,6.20,43.33,0,15.07%,45,37,93.18%,93.18%,14.29%,100.00%,14.44,(15.66)%,-6.92,53.91,4.00,8.97%,6.70%,0.00%,3,0.00,72.50
B083VKNDBM,Foster Clarks,2.85,42.90,0,(50.96)%,343,286,57.70%,57.70%,88.24%,100.00%,1.95,(149.60)%,-56.38,192.59,60.00,14.41%,(64.61)%,77.82%,22,0.00,0
B0752S3199,Ching's Secret,1.38,42.61,0,18.34%,818,288,12.77%,12.77%,53.29%,91.01%,1.42,(112.92)%,-53.44,237.73,185.00,13.70%,9.53%,55.61%,32,0.00,0
B01JAXTYKO,Chings Secret,1.78,40.81,0,23.03%,479,20,73.85%,73.85%,82.31%,71.40%,1.51,(79.86)%,-34.80,892.33,505.00,13.00%,14.99%,91.84%,27,0.00,0
B087GKZR61,Diamond,20.63,40.67,0,20.69%,42,40,10.00%,10.00%,0.00%,100.00%,20.34,7.85%,3.49,0.00,0.00,8.00%,13.79%,0.00%,2,0,72.50
B07N1PGTRF,Foster Clarks,1.83,38.94,0,20.80%,934,777,63.50%,63.50%,12.02%,100.00%,1.56,(77.60)%,-33.80,35.60,25.00,14.95%,8.59%,93.15%,42,0.00,75.00
B01ITA6H36,TETLEY,0.00,38.81,0,24.62%,26,26,57.69%,57.69%,73.68%,100.00%,6.47,(10.19)%,-4.20,34.84,6.00,16.03%,10.23%,0.00%,6,0.00,61.00
B01GFPSX0W,UNKNOWN,8.08,37.32,0,18.87%,390,135,64.19%,64.19%,60.66%,100.00%,6.22,(28.71)%,-10.88,67.52,11.00,21.90%,(0.67)%,0.00%,6,0.00,98.30
B008VSX352,Ken's,8.03,36.91,0,27.51%,451,222,18.94%,18.94%,100.00%,100.00%,5.27,(18.05)%,-7.21,78.41,16.00,22.00%,7.07%,0.00%,7,0.00,78.50
B00Y09JRZQ,Ching's Secret,1.30,33.67,0,25.34%,158,74,50.66%,50.66%,0.00%,0.00%,1.35,(62.64)%,-21.54,26.40,24.00,13.00%,18.34%,50.00%,25,0.00,0
B0B4P7KK2N,KANAN DEVAN,0.00,33.66,0,8.33%,149,53,50.62%,50.62%,100.00%,100.00%,8.42,(25.42)%,-8.82,35.47,4.00,13.00%,(5.37)%,0.00%,4,0.00,0
B083VKYVD8,Diamond,23.94,32.44,0,(13.26)%,43,39,32.56%,32.56%,0.00%,100.00%,16.22,(31.71)%,-10.41,81.40,4.00,9.74%,(25.48)%,67.65%,2,0.00,76.60
B005UGW5R0,American Garden,3.42,31.12,0,20.59%,1425,467,30.35%,30.35%,64.49%,53.73%,3.11,(31.06)%,-11.05,490.25,171.00,16.88%,5.68%,75.70%,11,0.00,91.50
B083VK35V2,Diamond,3.60,30.80,0,17.56%,167,122,66.46%,66.46%,9.52%,94.38%,3.42,(87.27)%,-22.17,38.68,13.00,7.11%,13.05%,75.76%,10,0.00,75.90
B0D8J4DGVC,Generic,0.00,29.84,0,12.07%,167,153,22.75%,22.75%,96.19%,89.74%,1.86,(70.86)%,-21.10,258.17,156.00,8.42%,11.37%,41.28%,16,0.00,71.60
B07PCMG31N,American Garden,1.14,29.63,5.20,32.08%,345,320,0.00%,0.00%,0.00%,0.00%,2.12,(32.06)%,-9.91,0.00,0.00,18.50%,18.06%,26.17%,14,0,82.00
B00F8ETXQ0,Dilmah,4.42,28.49,0,36.12%,74,32,60.00%,60.00%,0.00%,16.67%,4.75,(0.64)%,-0.19,22.46,6.00,24.00%,21.17%,0.00%,6,0.00,0
B07576775Y,Ching's Secret,0.34,28.40,0,31.31%,220,205,23.18%,23.18%,62.04%,97.30%,0.44,(476.64)%,-110.65,22.40,68.00,15.04%,25.75%,100.00%,64,1.65,75.50
B01M4IDUTR,UNKNOWN,1.04,28.39,0,31.71%,217,212,50.23%,50.23%,71.60%,100.00%,1.14,(85.32)%,-25.81,306.02,348.00,14.35%,22.57%,60.00%,25,0.00,61.50
B07NF7KMMK,Al Rifai,4.12,25.73,0,21.66%,243,215,23.87%,23.87%,98.94%,96.91%,3.68,(41.57)%,-11.21,333.32,110.00,7.35%,17.56%,64.84%,7,0.00,77.50
B075S49GM4,UNKNOWN,0.39,24.53,0,21.07%,173,87,44.00%,44.00%,100.00%,100.00%,0.39,(250.78)%,-50.66,32.94,100.00,13.00%,15.38%,0.00%,63,0.33,0
B07P8BSC97,American Garden,0.58,23.74,0,52.12%,86,80,0.00%,0.00%,100.00%,100.00%,4.75,18.50%,4.30,12.66,5.00,18.50%,46.67%,32.43%,5,0.00,85.80
B0756YP6QH,Ching's Secret,1.37,23.23,0,16.38%,64,52,62.90%,62.90%,17.39%,60.53%,1.37,(81.49)%,-19.38,4.53,4.00,17.74%,6.26%,0.00%,17,0.00,80.70
B07NF7T22C,Al Rifai,5.09,22.67,0,20.47%,69,69,21.74%,21.74%,60.00%,100.00%,4.53,(8.35)%,-1.90,15.31,4.00,9.28%,15.58%,54.10%,5,0.00,77.50
B0FLDCQ5VK,DIAMOND دايموند,0.00,22.47,0,19.35%,50,50,60.00%,60.00%,37.50%,100.00%,5.62,(24.19)%,-6.17,20.42,4.00,11.27%,9.11%,0.00%,4,0.00,64.90
B077ZCB3T7,Tetley,9.67,19.04,0,20.59%,19,13,100.00%,100.00%,0.00%,100.00%,9.52,(28.08)%,-6.02,16.43,2.00,8.00%,13.69%,0.00%,3,0.00,82.00
B083VKM94Q,Diamond,10.07,15.54,0,(5.77)%,27,27,51.85%,51.85%,100.00%,93.75%,7.77,(50.04)%,-8.17,864.80,101.00,4.00%,(10.18)%,66.67%,2,0.00,77.50
B08C1CPPHB,Shams,11.20,15.21,6.01,40.53%,193,142,25.58%,25.58%,0.00%,81.36%,7.60,15.34%,2.38,0.00,0.00,8.00%,35.36%,0.00%,2,0.00,0
B083VKCZ15,Afia,8.04,14.39,0,3.18%,2835,29,0.00%,0.00%,0.00%,0.00%,7.20,(39.42)%,-6.03,829.07,119.00,0.00%,3.18%,42.86%,2,0.00,92.50
B0BF64NX4G,DIAMOND دايموند,0.00,14.39,0,21.25%,51,51,3.92%,3.92%,0.00%,100.00%,14.39,3.57%,0.52,13.48,1.00,15.92%,6.34%,56.82%,1,0.00,72.50
B083VKVVDL,Diamond,3.50,14.00,0,20.56%,55,50,41.82%,41.82%,76.47%,98.08%,3.50,(60.60)%,-9.12,312.45,105.00,8.00%,15.01%,86.67%,4,0.00,62.50
B0CS35YCYH,DIAMOND دايموند,0.00,13.77,0,9.60%,109,81,67.62%,67.62%,70.31%,53.78%,4.59,(61.52)%,-8.96,274.86,61.00,8.00%,1.74%,51.06%,3,0.00,84.20
B07NF7X3PH,UNKNOWN,2.60,13.47,0,31.03%,53,52,39.62%,39.62%,75.00%,100.00%,3.37,(33.48)%,-4.66,9.45,4.00,6.87%,29.83%,69.57%,4,0.00,71.70
B083VKCGYM,Foster Clarks,2.85,13.13,0,14.95%,150,103,58.67%,58.67%,25.00%,100.00%,3.28,(48.57)%,-7.00,19.26,6.00,13.00%,2.24%,65.43%,6,0.00,0
B08C18B1L1,AFIA,9.25,12.42,0,11.27%,2142,56,0.00%,0.00%,0.00%,0.00%,6.21,(50.59)%,-6.70,10056.48,1825.00,0.00%,11.27%,51.47%,2,0.00,0
B083VKZP1Z,Diamond,3.50,10.92,0,(0.26)%,70,63,22.86%,22.86%,100.00%,100.00%,2.73,(97.08)%,-11.93,11.90,4.00,8.00%,(8.98)%,51.02%,4,0.00,75.90
B083VKDQ3T,Diamond,3.50,10.25,0,19.90%,57,51,21.05%,21.05%,100.00%,100.00%,3.42,(27.94)%,-2.97,473.14,159.00,8.00%,12.93%,61.54%,3,0.00,77.50
B0BF7B1H1G,DIAMOND دايموند,0.00,10.01,0,2.66%,118,94,64.41%,64.41%,74.48%,86.10%,1.43,(86.62)%,-9.91,352.82,231.00,8.86%,(6.80)%,0.00%,17,0.00,85.80
B0095DQJ30,Foster Clarks,0.74,9.80,0,19.29%,294,208,97.29%,97.29%,23.26%,73.93%,0.82,(44.30)%,-5.14,87.38,118.00,10.98%,9.33%,98.33%,12,0.00,75.00
B002DPXWBE,UNKNOWN,0.39,9.49,0,29.85%,51,47,37.50%,37.50%,0.00%,0.00%,0.40,(230.08)%,-25.62,32.28,98.00,16.15%,16.65%,0.00%,31,0.00,66.50
B083VKNDCY,Sultan,1.92,9.41,0,23.75%,228,173,32.02%,32.02%,100.00%,100.00%,1.88,(147.39)%,-13.65,163.80,105.00,8.00%,17.12%,0.00%,5,0.00,81.70
B083VKBHXM,Diamond,3.76,9.39,0,22.03%,52,52,25.00%,25.00%,95.24%,100.00%,3.13,(65.88)%,-6.98,324.06,109.00,17.38%,4.96%,68.18%,3,0.00,75.90
B083VKBHX2,Diamond,10.31,9.20,0,7.41%,31,31,51.61%,51.61%,61.54%,100.00%,9.20,(13.66)%,-1.21,859.12,98.00,8.00%,4.76%,65.52%,1,0.00,77.50
B07576C7T7,UNKNOWN,1.30,8.98,0,23.71%,26,25,92.00%,92.00%,100.00%,100.00%,1.28,(65.99)%,-6.04,52.80,48.00,16.12%,14.23%,100.00%,7,0.00,64.10
B083VL3P7G,Diamond,9.73,8.56,0,11.07%,28,27,16.00%,16.00%,100.00%,100.00%,8.56,(24.95)%,-2.35,843.65,102.00,8.00%,3.34%,35.29%,1,0.00,84.20
B0FLDF6S1B,DIAMOND دايموند,0.00,8.09,0,19.01%,14,14,21.43%,21.43%,0.00%,0.00%,8.09,(7.63)%,-0.64,7.35,1.00,10.91%,9.09%,0.00%,1,0.00,64.90
B088FBXKL8,Ching's,2.40,8.02,0,31.95%,130,118,46.92%,46.92%,87.98%,99.05%,2.67,(34.90)%,-3.00,496.65,244.00,19.00%,15.99%,0.00%,3,0.00,57.50
B076QXVN8H,Afia,5.58,7.50,0,9.48%,292,1,0.00%,0.00%,0.00%,0.00%,3.75,(28.90)%,-2.21,1942.34,556.00,5.92%,3.78%,17.39%,2,0.00,0
B083VKYQNB,American Garden,2.18,6.48,0,25.45%,138,127,10.53%,10.53%,100.00%,100.00%,2.16,(99.26)%,-7.56,5.93,3.00,18.50%,8.53%,13.71%,3,0.00,0
B083VKCLB2,Diamond,3.50,6.36,0,13.94%,36,36,27.78%,27.78%,100.00%,100.00%,3.18,(56.21)%,-3.83,485.04,163.00,8.00%,6.46%,74.19%,2,0.00,72.50
B083VL3P6Z,Diamond,2.28,6.34,0,18.57%,32,31,56.25%,56.25%,80.00%,100.00%,2.11,(105.60)%,-8.11,186.35,96.00,11.33%,8.16%,79.31%,3,0.00,80.90
B07NF7H7DL,Foster Clark's,1.05,6.15,0,(35.66)%,230,96,28.57%,28.57%,73.78%,98.50%,1.23,(152.21)%,-15.41,1498.18,889.00,0.00%,(36.95)%,84.09%,5,0.00,0
B084PTC895,Diamond,6.08,6.08,0,21.80%,31,30,61.29%,61.29%,25.00%,100.00%,6.08,(19.52)%,-1.24,10.33,2.00,8.00%,15.00%,54.55%,0,0.00,78.40
B083VK9HYK,Diamond,3.50,5.28,0,(8.61)%,28,28,23.08%,23.08%,0.00%,100.00%,2.64,(91.18)%,-4.87,342.21,115.00,8.00%,(12.62)%,0.00%,2,0.00,75.90
B083VKND7S,TATA,2.40,4.80,0,0.45%,177,126,21.71%,21.71%,100.00%,100.00%,2.40,(33.91)%,-1.48,534.16,218.00,13.00%,(2.04)%,88.89%,2,0.00,100.00
B0095DQDH2,Foster Clarks,0.52,4.36,0,(14.91)%,635,41,15.63%,15.63%,100.00%,62.50%,0.62,(327.18)%,-14.93,240.50,339.00,0.00%,(14.91)%,87.05%,7,0.00,0
B0BF66Z4RT,DIAMOND دايموند,0.00,3.77,0,11.89%,56,52,48.15%,48.15%,39.90%,76.60%,1.89,(59.58)%,-3.43,300.16,175.00,3.08%,9.09%,0.00%,2,0.00,80.80
B083VJY5P9,Foster Clarks,2.85,3.31,0,17.00%,295,248,69.42%,69.42%,75.68%,88.62%,3.31,(76.65)%,-2.49,479.45,111.00,16.48%,2.88%,93.41%,1,0.00,76.90
B00L2ZKUVG,American Garden,1.21,2.56,0,33.21%,56,45,51.06%,51.06%,100.00%,100.00%,1.28,(78.09)%,-2.11,2.10,2.00,18.50%,18.05%,69.77%,3,0.00,95.00
B088FCK2WJ,Ching's,2.53,2.55,0,26.85%,190,182,23.40%,23.40%,93.42%,55.88%,2.55,(42.02)%,-1.12,199.26,93.00,13.00%,15.92%,75.00%,1,0.00,57.50
B00L2ZKKHU,American Garden,2.55,2.55,0,14.49%,77,24,87.10%,87.10%,116.81%,98.35%,2.55,(66.80)%,-1.90,495.78,161.00,18.50%,(4.92)%,86.96%,3,0.00,98.30
B0FHHJ5CYL,Foster Clark's,0.00,2.53,0,9.52%,11,11,81.82%,81.82%,50.00%,100.00%,2.53,(90.82)%,-2.76,0.00,0.00,2.93%,6.78%,0.00%,1,0.00,66.90
B00D76WARU,Foster Clarks,1.77,2.43,0,(65.77)%,1045,159,0.00%,0.00%,0.00%,0.00%,0.81,(171.59)%,-4.29,163.66,125.00,0.00%,(65.77)%,29.41%,3,0.00,0
B0BF64YTQQ,DIAMOND دايموند,0.00,2.34,0,9.07%,50,33,46.81%,46.81%,71.70%,100.00%,2.34,(119.14)%,-2.79,238.45,112.00,0.00%,9.07%,0.00%,13,0.00,70.00
B01F3N8UNW,Foster Clarks,1.57,2.30,0,(23.72)%,1266,444,42.59%,42.59%,67.93%,95.58%,2.30,(54.99)%,-1.29,2249.10,792.00,0.00%,(23.72)%,88.55%,10,0.00,85.90
B0095DQF2A,Foster Clarks,0.52,1.30,0,(9.24)%,421,13,0.00%,0.00%,0.00%,0.00%,0.65,(301.20)%,-3.89,72.20,102.00,0.00%,(9.24)%,12.50%,2,0.00,0
B0757317DM,Ching's Secret,0.34,0.68,0,9.07%,41,40,75.00%,75.00%,4.76%,80.77%,0.34,(477.22)%,-5.53,0.66,2.00,14.74%,3.20%,0.00%,4,0.00,80.50
B0CS375R72,DIAMOND دايموند,0.00,0,0,0.00%,23,18,81.82%,81.82%,90.91%,100.00%,0.00,0.00%,0,0.00,0.00,0.00%,0.00%,0.00%,0,0.00,0
B06XPFKCD1,Foster Clarks,0.00,0,0,0.00%,517,90,40.56%,40.56%,0.00%,100.00%,0.00,0.00%,0,7.29,12.00,0.00%,0.00%,100.00%,1,0.00,93.00
B08C18B3FH,Afia,0.00,0,0,0.00%,254,0,0.00%,0.00%,0.00%,0.00%,0.00,0.00%,0,1098.20,111.00,0.00%,0.00%,0.00%,0,0.00,0
B0CTKBSTYM,TATA,0.00,0,0,0.00%,467,375,100.00%,100.00%,0.00%,93.19%,0.00,0.00%,0,0.00,0.00,0.00%,0.00%,100.00%,-14,0,75.00
B085FJLSQ1,American Garden,0.00,0,0,0.00%,17,0,0.00%,0.00%,0.00%,0.00%,0.00,0.00%,0,0.00,0.00,0.00%,0.00%,0.00%,0,0,0
B0FLJG3X4C,DIAMOND دايموند,0.00,0,0,0.00%,33,20,100.00%,100.00%,0.00%,100.00%,0.00,0.00%,0,0.00,0.00,0.00%,0.00%,0.00%,0,0,0
B083VKKC9F,Foster Clarks,0.00,0,0,0.00%,343,74,41.83%,41.83%,0.00%,100.00%,0.00,0.00%,0,0.00,0.00,0.00%,0.00%,100.00%,6,0,0
B08C1CYV4B,AFIA,0.00,0,0,0.00%,1448,0,0.00%,0.00%,0.00%,0.00%,0.00,0.00%,0,3786.41,606.00,0.00%,0.00%,34.78%,0,0.00,0
B083VK8J1R,Foster Clarks,0.00,0,0,0.00%,249,71,47.66%,47.66%,0.00%,100.00%,0.00,0.00%,0,0.00,0.00,0.00%,0.00%,100.00%,4,0,0
B0BF76HJCD,DIAMOND دايموند,0.00,0,0,0.00%,0,0,0.00%,0.00%,0.00%,0.00%,0.00,0.00%,0,0.00,0.00,0.00%,0.00%,0.00%,0,0,61.60
B0G349YNKV,Foster Clarks,0.00,0,0,0.00%,4,2,100.00%,100.00%,0.00%,0.00%,0.00,0.00%,0,0.00,0.00,0.00%,0.00%,0.00%,0,0,67.50
B091DW2SZ1,Al Rifai,0.00,0,0,0.00%,17,17,100.00%,100.00%,100.00%,50.00%,0.00,0.00%,0,0.00,0.00,0.00%,0.00%,0.00%,0,0,66.00
B07NF7VP1K,TETLEY,0.00,0,0,0.00%,92,43,100.00%,100.00%,0.00%,0.00%,0.00,0.00%,0,0.00,0.00,0.00%,0.00%,0.00%,3,0,90.00
B07NF758MF,Diamond,0.00,0,0,0.00%,155,53,28.32%,28.32%,79.49%,97.50%,0.00,0.00%,0,608.65,108.00,0.00%,0.00%,56.82%,0,0.00,82.50
B08C1DPZH5,Leeza,0.00,0,0,0.00%,160,0,5.63%,5.63%,56.52%,69.70%,0.00,0.00%,0,38.93,13.00,0.00%,0.00%,0.00%,0,0.00,0
B0FTFCM1XN,TETLEY,0.00,0,0,0.00%,0,0,0.00%,0.00%,0.00%,0.00%,0.00,0.00%,0,278.74,48.00,0.00%,0.00%,0.00%,0,0.00,0.00
B088FCW4Z9,UNKNOWN,0.00,0,0,0.00%,5,5,0.00%,0.00%,0.00%,0.00%,0.00,0.00%,0,111.64,58.00,0.00%,0.00%,0.00%,0,0.00,51.60
B089GWTXPV,Al Rifai,0.00,0,0,0.00%,23,23,100.00%,100.00%,0.00%,100.00%,0.00,0.00%,0,0.00,0.00,0.00%,0.00%,100.00%,2,0,66.00
B0014D21C2,UNKNOWN,0.00,0,0,0.00%,115,0,0.00%,0.00%,0.00%,0.00%,0.00,0.00%,0,0.00,0.00,0.00%,0.00%,0.00%,0,0,0
B008HF1QIK,Tilda,0.00,0,0,0.00%,1,0,0.00%,0.00%,0.00%,0.00%,0.00,0.00%,0,0.00,0.00,0.00%,0.00%,0.00%,0,0,0
B07P5J63J9,Foster Clark'S,0.00,0,0,0.00%,102,68,100.00%,100.00%,0.00%,100.00%,0.00,0.00%,0,0.00,0.00,0.00%,0.00%,98.33%,0,0,0
B005I3V1HK,Foster Clarks,0.00,0,0,0.00%,80,0,100.00%,100.00%,0.00%,100.00%,0.00,0.00%,0,0.00,0.00,0.00%,0.00%,0.00%,-1,0,0
B071NV5JK8,Lotte,0.00,0,0,0.00%,57,50,100.00%,100.00%,0.00%,100.00%,0.00,0.00%,0,0.00,0.00,0.00%,0.00%,0.00%,0,0,0
B07576C6TL,UNKNOWN,0.00,0,0,0.00%,10,8,100.00%,100.00%,0.00%,0.00%,0.00,0.00%,0,0.00,0.00,0.00%,0.00%,0.00%,0,0,40.00
B0DKF4ZJDN,Afia,0.00,0,0,0.00%,53,38,32.08%,32.08%,0.00%,100.00%,0.00,0.00%,0,6.67,1.00,0.00%,0.00%,100.00%,0,0.00,54.90
B06Y4RRR9Z,American Garden,0.00,0,0,0.00%,326,0,0.00%,0.00%,0.00%,0.00%,0.00,0.00%,0,0.00,0.00,0.00%,0.00%,0.00%,0,0,0
B09T3LYD6H,UNKNOWN,0.00,0,0,0.00%,2734,0,0.00%,0.00%,0.00%,0.00%,0.00,0.00%,0,0.00,0.00,0.00%,0.00%,0.00%,0,0,0
B0BYP2C5TR,UNKNOWN,0.00,0,0,0.00%,1066,0,0.00%,0.00%,0.00%,0.00%,0.00,0.00%,0,0.00,0.00,0.00%,0.00%,0.00%,0,0,0
B0FLDBXBCQ,DIAMOND دايموند,0.00,0,0,0.00%,2,2,100.00%,100.00%,0.00%,0.00%,0.00,0.00%,0,0.00,0.00,0.00%,0.00%,0.00%,0,0,59.90
B07JL5CPNV,Foster Clarks,0.00,0,0,0.00%,173,65,69.23%,69.23%,0.00%,100.00%,0.00,0.00%,0,0.00,0.00,0.00%,0.00%,100.00%,4,0,0
B0G34F886Z,Foster Clarks,0.00,0,0,0.00%,4,4,100.00%,100.00%,0.00%,100.00%,0.00,0.00%,0,0.00,0.00,0.00%,0.00%,0.00%,0,0,67.50
B0DKF5Q4HG,Afia,0.00,0,0,0.00%,3,0,0.00%,0.00%,0.00%,0.00%,0.00,0.00%,0,0.00,0.00,0.00%,0.00%,0.00%,0,0,0
B07B7BFLT3,Foster Clarks,0.00,0,0,0.00%,19,0,0.00%,0.00%,0.00%,0.00%,0.00,0.00%,0,60.03,30.00,0.00%,0.00%,0.00%,0,0.00,0
B083VK9HXP,Tetley,0.00,0,0,0.00%,73,39,100.00%,100.00%,0.00%,100.00%,0.00,0.00%,0,0.00,0.00,0.00%,0.00%,0.00%,-3,0,0
B0129KHFUG,Lotte,0.00,0,0,0.00%,4,0,0.00%,0.00%,0.00%,0.00%,0.00,0.00%,0,0.00,0.00,0.00%,0.00%,0.00%,0,0,0
B0G1SSQXMW,TATA,0.00,0,0,0.00%,4,4,100.00%,100.00%,0.00%,0.00%,0.00,0.00%,0,0.00,0.00,0.00%,0.00%,0.00%,0,0,0.00
B08LNQWZ6C,Olite,0.00,0,0,0.00%,151,0,0.00%,0.00%,0.00%,0.00%,0.00,0.00%,0,0.00,0.00,0.00%,0.00%,0.00%,0,0,0
B083VKYVK5,Al Rifai,0.00,0,0,0.00%,16,10,100.00%,100.00%,0.00%,50.00%,0.00,0.00%,0,0.00,0.00,0.00%,0.00%,0.00%,0,0,55.80
B0D8PXHTBC,UNKNOWN,0.00,0,0,0.00%,84,61,81.48%,81.48%,0.00%,0.00%,0.00,0.00%,0,0.00,0.00,0.00%,0.00%,100.00%,2,0,0
B0G1SQVJJV,TATA,0.00,0,0,0.00%,1,1,100.00%,100.00%,0.00%,0.00%,0.00,0.00%,0,0.00,0.00,0.00%,0.00%,0.00%,0,0,0.00
B004HCAQBU,Lotte,0.00,0,0,0.00%,118,0,0.00%,0.00%,0.00%,0.00%,0.00,0.00%,0,0.00,0.00,0.00%,0.00%,0.00%,0,0,0
B07P9G9QRZ,American Garden,0.00,0,0,0.00%,910,0,0.00%,0.00%,0.00%,0.00%,0.00,0.00%,0,0.00,0.00,0.00%,0.00%,0.00%,0,0,0
B00SCAL6V2,Foster Clarks,0.00,0,0,0.00%,977,10,45.00%,45.00%,0.00%,0.00%,0.00,0.00%,0,86.74,30.00,0.00%,0.00%,100.00%,0,0.00,0
B004RFNPX8,Dilmah,0.00,0,0,0.00%,0,0,0.00%,0.00%,0.00%,0.00%,0.00,0.00%,0,0.00,0.00,0.00%,0.00%,0.00%,0,0,0
B086BWPHL9,UNKNOWN,0.00,0,0,0.00%,252,0,0.00%,0.00%,0.00%,0.00%,0.00,0.00%,0,0.00,0.00,0.00%,0.00%,0.00%,0,0,0
B0FLHSQ2ZF,DIAMOND دايموند,0.00,0,0,0.00%,23,21,100.00%,100.00%,0.00%,100.00%,0.00,0.00%,0,0.00,0.00,0.00%,0.00%,0.00%,0,0,0
B019ZQGTFE,UNKNOWN,0.00,0,0,0.00%,46,38,97.73%,97.73%,100.00%,100.00%,0.00,0.00%,0,3.89,3.00,0.00%,0.00%,0.00%,0,0.00,0
B0FLD8XWTH,DIAMOND دايموند,0.00,0,0,0.00%,0,0,0.00%,0.00%,0.00%,0.00%,0.00,0.00%,0,0.00,0.00,0.00%,0.00%,0.00%,0,0,0.00
B083VL6DC8,Tetley,0.00,0,0,0.00%,261,98,100.00%,100.00%,0.00%,0.00%,0.00,0.00%,0,0.00,0.00,0.00%,0.00%,0.00%,2,0,100.00
B0D52NJ9WJ,Lotte,0.00,0,0,0.00%,4,4,25.00%,25.00%,0.00%,0.00%,0.00,0.00%,0,446.28,120.00,0.00%,0.00%,0.00%,0,0.00,0.00
B01I2CF0NY,Al Rifai,0.00,0,0,0.00%,228,103,82.46%,82.46%,69.20%,93.28%,0.00,0.00%,0,431.90,173.00,0.00%,0.00%,100.00%,-5,0.00,0
B084PTGF2W,Foster Clarks,0.00,0,0,0.00%,112,81,82.18%,82.18%,45.45%,15.99%,0.00,0.00%,0,201.65,45.00,0.00%,0.00%,100.00%,0,0.00,76.90
B0G34D9KD2,Foster Clarks,0.00,0,0,0.00%,1,1,100.00%,100.00%,0.00%,0.00%,0.00,0.00%,0,0.00,0.00,0.00%,0.00%,0.00%,0,0,0.00
B08C1DSWF3,Afia,0.00,0,0,0.00%,419,0,0.00%,0.00%,0.00%,0.00%,0.00,0.00%,0,1193.31,106.00,0.00%,0.00%,0.00%,0,0.00,0
B0BF65T6KC,DIAMOND دايموند,0.00,0,0,0.00%,1,0,0.00%,0.00%,0.00%,0.00%,0.00,0.00%,0,0.00,0.00,0.00%,0.00%,0.00%,0,0,0
B07JFCWKWM,Foster Clarks,0.00,0,0,0.00%,264,50,28.85%,28.85%,0.00%,100.00%,0.00,0.00%,0,0.00,0.00,0.00%,0.00%,100.00%,2,0,0
B0CQJJHZPL,Foster Clarks,0.00,0,0,0.00%,3,3,100.00%,100.00%,0.00%,0.00%,0.00,0.00%,0,0.00,0.00,0.00%,0.00%,0.00%,0,0,52.50
B0G34B73F6,Foster Clarks,0.00,0,0,0.00%,6,5,100.00%,100.00%,0.00%,0.00%,0.00,0.00%,0,0.00,0.00,0.00%,0.00%,0.00%,0,0,67.50
B0G43FQ5H8,Al Rifai,0.00,0,0,0.00%,1,1,100.00%,100.00%,0.00%,0.00%,0.00,0.00%,0,0.00,0.00,0.00%,0.00%,0.00%,0,0,0.00
B0FTF86BJ4,TETLEY,0.00,0,0,0.00%,3,3,66.67%,66.67%,0.00%,0.00%,0.00,0.00%,0,5.81,1.00,0.00%,0.00%,0.00%,0,0.00,0.00
B002DPNSK4,UNKNOWN,0.00,0,0,0.00%,0,0,0.00%,0.00%,0.00%,0.00%,0.00,0.00%,0,0.00,0.00,0.00%,0.00%,0.00%,0,0,0
B0DKBSB784,Al Rifai,0.00,0,0,0.00%,0,0,0.00%,0.00%,0.00%,0.00%,0.00,0.00%,0,0.00,0.00,0.00%,0.00%,0.00%,0,0,0.00
B0BF6TJWFX,DIAMOND دايموند,0.00,0,0,0.00%,2,2,100.00%,100.00%,0.00%,0.00%,0.00,0.00%,0,0.00,0.00,0.00%,0.00%,0.00%,0,0,71.90
B087GL5MV7,Diamond,0.00,0,0,0.00%,23,23,0.00%,0.00%,0.00%,0.00%,0.00,0.00%,0,0.00,0.00,0.00%,0.00%,30.43%,0,0,82.50
B00HHP71JY,Lotte,0.00,0,0,0.00%,36,33,100.00%,100.00%,0.00%,100.00%,0.00,0.00%,0,0.00,0.00,0.00%,0.00%,0.00%,1,0,77.50
B08Z4GGQR1,Al Rifai,0.00,0,0,0.00%,5,5,100.00%,100.00%,0.00%,0.00%,0.00,0.00%,0,0.00,0.00,0.00%,0.00%,0.00%,0,0,67.50
B0BF7JSPM6,DIAMOND دايموند,0.00,0,0,0.00%,0,0,0.00%,0.00%,0.00%,0.00%,0.00,0.00%,0,0.00,0.00,0.00%,0.00%,0.00%,0,0,48.20
,,8.84,637563.46,176142.08,15.25%,558725,471299,13.71%,13.71%,79.68%,85.11%,5.43,(21.44)%,-135896.65,1497807.12,259678.00,38.84%,(34.86)%,53.13%,117722,4603.89,81.25
